URG;Escola;Nutricao;2022;2023;2024;2025;Total
URG I-CENTRO;ASSOCIAÇÃO CRESCENDO COM CRISTO;MAGREZA ACENTUADA;0;0;0;0;0
URG I-CENTRO;ASSOCIAÇÃO CRESCENDO COM CRISTO;MAGREZA;0;0;1;0;1
URG I-CENTRO;ASSOCIAÇÃO CRESCENDO COM CRISTO;NORMAL (EUTROFIA);0;21;1;16;38
URG I-CENTRO;ASSOCIAÇÃO CRESCENDO COM CRISTO;SOBREPESO;0;6;4;15;25
URG I-CENTRO;ASSOCIAÇÃO CRESCENDO COM CRISTO;OBESIDADE;0;4;10;6;20
URG I-CENTRO;CAIESP CASTORINA FARIA LIMA;MAGREZA ACENTUADA;0;0;0;0;0
URG I-CENTRO;CAIESP CASTORINA FARIA LIMA;MAGREZA;0;0;2;3;5
URG I-CENTRO;CAIESP CASTORINA FARIA LIMA;NORMAL (EUTROFIA);0;0;18;24;42
URG I-CENTRO;CAIESP CASTORINA FARIA LIMA;SOBREPESO;0;0;23;22;45
URG I-CENTRO;CAIESP CASTORINA FARIA LIMA;OBESIDADE;0;0;14;20;34
URG I-CENTRO;CRECHE MUNICIPAL PROF. MARIA APARECIDA DE SOUZA;MAGREZA ACENTUADA;0;0;0;0;0
URG I-CENTRO;CRECHE MUNICIPAL PROF. MARIA APARECIDA DE SOUZA;MAGREZA;0;1;0;0;1
URG I-CENTRO;CRECHE MUNICIPAL PROF. MARIA APARECIDA DE SOUZA;NORMAL (EUTROFIA);0;20;9;9;38
URG I-CENTRO;CRECHE MUNICIPAL PROF. MARIA APARECIDA DE SOUZA;SOBREPESO;0;13;12;8;33
URG I-CENTRO;CRECHE MUNICIPAL PROF. MARIA APARECIDA DE SOUZA;OBESIDADE;0;3;8;7;18
URG I-CENTRO;CRECHE MUNICIPAL PROF. MARIA LUZIANA RODRIGUES CHAVES;MAGREZA ACENTUADA;0;0;0;1;1
URG I-CENTRO;CRECHE MUNICIPAL PROF. MARIA LUZIANA RODRIGUES CHAVES;MAGREZA;0;0;1;2;3
URG I-CENTRO;CRECHE MUNICIPAL PROF. MARIA LUZIANA RODRIGUES CHAVES;NORMAL (EUTROFIA);0;35;30;27;92
URG I-CENTRO;CRECHE MUNICIPAL PROF. MARIA LUZIANA RODRIGUES CHAVES;SOBREPESO;0;16;8;10;34
URG I-CENTRO;CRECHE MUNICIPAL PROF. MARIA LUZIANA RODRIGUES CHAVES;OBESIDADE;0;4;6;5;15
URG I-CENTRO;E M CAPISTRANO DE ABREU;MAGREZA ACENTUADA;0;3;5;1;9
URG I-CENTRO;E M CAPISTRANO DE ABREU;MAGREZA;0;9;10;7;26
URG I-CENTRO;E M CAPISTRANO DE ABREU;NORMAL (EUTROFIA);0;160;73;133;366
URG I-CENTRO;E M CAPISTRANO DE ABREU;SOBREPESO;0;44;22;50;116
URG I-CENTRO;E M CAPISTRANO DE ABREU;OBESIDADE;0;31;9;35;75
URG I-CENTRO;E M CAPITÃO SILVINO AZEREDO;MAGREZA ACENTUADA;0;1;0;2;3
URG I-CENTRO;E M CAPITÃO SILVINO AZEREDO;MAGREZA;0;4;2;10;16
URG I-CENTRO;E M CAPITÃO SILVINO AZEREDO;NORMAL (EUTROFIA);0;39;50;70;159
URG I-CENTRO;E M CAPITÃO SILVINO AZEREDO;SOBREPESO;0;10;16;16;42
URG I-CENTRO;E M CAPITÃO SILVINO AZEREDO;OBESIDADE;0;9;13;16;38
URG I-CENTRO;E M DR RUBENS FALCAO;MAGREZA ACENTUADA;0;4;0;7;11
URG I-CENTRO;E M DR RUBENS FALCAO;MAGREZA;0;16;0;14;30
URG I-CENTRO;E M DR RUBENS FALCAO;NORMAL (EUTROFIA);0;212;0;223;435
URG I-CENTRO;E M DR RUBENS FALCAO;SOBREPESO;0;42;0;43;85
URG I-CENTRO;E M DR RUBENS FALCAO;OBESIDADE;0;45;0;44;89
URG I-CENTRO;E M DR THIBAU;MAGREZA ACENTUADA;0;0;0;2;2
URG I-CENTRO;E M DR THIBAU;MAGREZA;0;3;5;2;10
URG I-CENTRO;E M DR THIBAU;NORMAL (EUTROFIA);0;79;54;61;194
URG I-CENTRO;E M DR THIBAU;SOBREPESO;0;19;26;17;62
URG I-CENTRO;E M DR THIBAU;OBESIDADE;0;16;30;20;66
URG I-CENTRO;E M ENGENHO PEQUENO;MAGREZA ACENTUADA;0;4;1;3;8
URG I-CENTRO;E M ENGENHO PEQUENO;MAGREZA;0;6;22;10;38
URG I-CENTRO;E M ENGENHO PEQUENO;NORMAL (EUTROFIA);0;190;202;141;533
URG I-CENTRO;E M ENGENHO PEQUENO;SOBREPESO;0;39;41;34;114
URG I-CENTRO;E M ENGENHO PEQUENO;OBESIDADE;0;26;29;25;80
URG I-CENTRO;E M FRANCA CARVALHO;MAGREZA ACENTUADA;0;8;2;5;15
URG I-CENTRO;E M FRANCA CARVALHO;MAGREZA;0;17;8;12;37
URG I-CENTRO;E M FRANCA CARVALHO;NORMAL (EUTROFIA);0;255;216;222;693
URG I-CENTRO;E M FRANCA CARVALHO;SOBREPESO;0;46;48;40;134
URG I-CENTRO;E M FRANCA CARVALHO;OBESIDADE;0;44;42;43;129
URG I-CENTRO;E M HEITOR DANTAS;MAGREZA ACENTUADA;0;1;2;2;5
URG I-CENTRO;E M HEITOR DANTAS;MAGREZA;0;11;8;5;24
URG I-CENTRO;E M HEITOR DANTAS;NORMAL (EUTROFIA);0;111;86;106;303
URG I-CENTRO;E M HEITOR DANTAS;SOBREPESO;0;33;28;20;81
URG I-CENTRO;E M HEITOR DANTAS;OBESIDADE;0;23;14;22;59
URG I-CENTRO;E M JANICI FERREIRA MAIA ;MAGREZA ACENTUADA;0;3;2;1;6
URG I-CENTRO;E M JANICI FERREIRA MAIA ;MAGREZA;0;9;15;9;33
URG I-CENTRO;E M JANICI FERREIRA MAIA ;NORMAL (EUTROFIA);0;195;170;147;512
URG I-CENTRO;E M JANICI FERREIRA MAIA ;SOBREPESO;0;37;43;32;112
URG I-CENTRO;E M JANICI FERREIRA MAIA ;OBESIDADE;0;21;23;23;67
URG I-CENTRO;E M JULIO RABELLO GUIMARAES;MAGREZA ACENTUADA;0;7;4;6;17
URG I-CENTRO;E M JULIO RABELLO GUIMARAES;MAGREZA;0;13;12;47;72
URG I-CENTRO;E M JULIO RABELLO GUIMARAES;NORMAL (EUTROFIA);0;245;196;312;753
URG I-CENTRO;E M JULIO RABELLO GUIMARAES;SOBREPESO;0;42;38;53;133
URG I-CENTRO;E M JULIO RABELLO GUIMARAES;OBESIDADE;0;38;33;36;107
URG I-CENTRO;E M MANOEL JOAO GONCALVES;MAGREZA ACENTUADA;0;1;3;2;6
URG I-CENTRO;E M MANOEL JOAO GONCALVES;MAGREZA;0;5;11;12;28
URG I-CENTRO;E M MANOEL JOAO GONCALVES;NORMAL (EUTROFIA);0;71;70;85;226
URG I-CENTRO;E M MANOEL JOAO GONCALVES;SOBREPESO;0;15;13;22;50
URG I-CENTRO;E M MANOEL JOAO GONCALVES;OBESIDADE;0;14;13;29;56
URG I-CENTRO;E M MARECHAL MASCARENHAS DE MORAES;MAGREZA ACENTUADA;0;5;10;12;27
URG I-CENTRO;E M MARECHAL MASCARENHAS DE MORAES;MAGREZA;0;9;20;7;36
URG I-CENTRO;E M MARECHAL MASCARENHAS DE MORAES;NORMAL (EUTROFIA);0;184;190;181;555
URG I-CENTRO;E M MARECHAL MASCARENHAS DE MORAES;SOBREPESO;0;44;48;38;130
URG I-CENTRO;E M MARECHAL MASCARENHAS DE MORAES;OBESIDADE;0;30;45;50;125
URG I-CENTRO;E M MENINOS DE DEUS;MAGREZA ACENTUADA;0;4;4;1;9
URG I-CENTRO;E M MENINOS DE DEUS;MAGREZA;0;9;19;9;37
URG I-CENTRO;E M MENINOS DE DEUS;NORMAL (EUTROFIA);0;96;128;112;336
URG I-CENTRO;E M MENINOS DE DEUS;SOBREPESO;0;33;34;34;101
URG I-CENTRO;E M MENINOS DE DEUS;OBESIDADE;0;25;38;32;95
URG I-CENTRO;E M MONTEIRO LOBATO;MAGREZA ACENTUADA;0;19;7;10;36
URG I-CENTRO;E M MONTEIRO LOBATO;MAGREZA;0;47;33;36;116
URG I-CENTRO;E M MONTEIRO LOBATO;NORMAL (EUTROFIA);0;461;412;443;1316
URG I-CENTRO;E M MONTEIRO LOBATO;SOBREPESO;0;123;113;94;330
URG I-CENTRO;E M MONTEIRO LOBATO;OBESIDADE;0;92;99;98;289
URG I-CENTRO;E M PADRE AGOSTINHO PRETTO;MAGREZA ACENTUADA;0;3;16;5;24
URG I-CENTRO;E M PADRE AGOSTINHO PRETTO;MAGREZA;0;18;35;20;73
URG I-CENTRO;E M PADRE AGOSTINHO PRETTO;NORMAL (EUTROFIA);0;179;164;173;516
URG I-CENTRO;E M PADRE AGOSTINHO PRETTO;SOBREPESO;0;56;30;43;129
URG I-CENTRO;E M PADRE AGOSTINHO PRETTO;OBESIDADE;0;49;36;41;126
URG I-CENTRO;E M PROF AMAZOR VIEIRA BORGES;MAGREZA ACENTUADA;0;14;13;3;30
URG I-CENTRO;E M PROF AMAZOR VIEIRA BORGES;MAGREZA;0;35;45;38;118
URG I-CENTRO;E M PROF AMAZOR VIEIRA BORGES;NORMAL (EUTROFIA);0;303;290;300;893
URG I-CENTRO;E M PROF AMAZOR VIEIRA BORGES;SOBREPESO;0;55;70;67;192
URG I-CENTRO;E M PROF AMAZOR VIEIRA BORGES;OBESIDADE;0;62;61;69;192
URG I-CENTRO;E M PROF EMILIO LUIZ PEDROSO ARAUJO;MAGREZA ACENTUADA;0;1;1;3;5
URG I-CENTRO;E M PROF EMILIO LUIZ PEDROSO ARAUJO;MAGREZA;0;6;13;17;36
URG I-CENTRO;E M PROF EMILIO LUIZ PEDROSO ARAUJO;NORMAL (EUTROFIA);0;143;128;134;405
URG I-CENTRO;E M PROF EMILIO LUIZ PEDROSO ARAUJO;SOBREPESO;0;25;34;25;84
URG I-CENTRO;E M PROF EMILIO LUIZ PEDROSO ARAUJO;OBESIDADE;0;28;32;33;93
URG I-CENTRO;E M PROF IZABEL DOS SANTOS SOARES MELLO;MAGREZA ACENTUADA;0;2;2;1;5
URG I-CENTRO;E M PROF IZABEL DOS SANTOS SOARES MELLO;MAGREZA;0;3;4;9;16
URG I-CENTRO;E M PROF IZABEL DOS SANTOS SOARES MELLO;NORMAL (EUTROFIA);0;94;93;103;290
URG I-CENTRO;E M PROF IZABEL DOS SANTOS SOARES MELLO;SOBREPESO;0;19;25;12;56
URG I-CENTRO;E M PROF IZABEL DOS SANTOS SOARES MELLO;OBESIDADE;0;28;17;17;62
URG I-CENTRO;E M PROF ORNELIA LIPPI ASSUMPCAO;MAGREZA ACENTUADA;0;2;0;1;3
URG I-CENTRO;E M PROF ORNELIA LIPPI ASSUMPCAO;MAGREZA;0;2;7;1;10
URG I-CENTRO;E M PROF ORNELIA LIPPI ASSUMPCAO;NORMAL (EUTROFIA);0;76;74;65;215
URG I-CENTRO;E M PROF ORNELIA LIPPI ASSUMPCAO;SOBREPESO;0;15;8;10;33
URG I-CENTRO;E M PROF ORNELIA LIPPI ASSUMPCAO;OBESIDADE;0;5;4;7;16
URG I-CENTRO;E M PROF OSIRES NEVES;MAGREZA ACENTUADA;0;9;7;5;21
URG I-CENTRO;E M PROF OSIRES NEVES;MAGREZA;0;31;24;27;82
URG I-CENTRO;E M PROF OSIRES NEVES;NORMAL (EUTROFIA);0;270;305;280;855
URG I-CENTRO;E M PROF OSIRES NEVES;SOBREPESO;0;73;69;77;219
URG I-CENTRO;E M PROF OSIRES NEVES;OBESIDADE;0;54;55;47;156
URG I-CENTRO;E M PROF PAULO FREIRE;MAGREZA ACENTUADA;1;1;0;0;2
URG I-CENTRO;E M PROF PAULO FREIRE;MAGREZA;1;0;3;3;7
URG I-CENTRO;E M PROF PAULO FREIRE;NORMAL (EUTROFIA);26;22;45;83;176
URG I-CENTRO;E M PROF PAULO FREIRE;SOBREPESO;7;26;11;19;63
URG I-CENTRO;E M PROF PAULO FREIRE;OBESIDADE;7;31;8;14;60
URG I-CENTRO;E M PROF RUY DE QUEIROZ;MAGREZA ACENTUADA;0;0;0;0;0
URG I-CENTRO;E M PROF RUY DE QUEIROZ;MAGREZA;0;9;8;2;19
URG I-CENTRO;E M PROF RUY DE QUEIROZ;NORMAL (EUTROFIA);0;118;85;88;291
URG I-CENTRO;E M PROF RUY DE QUEIROZ;SOBREPESO;0;15;26;28;69
URG I-CENTRO;E M PROF RUY DE QUEIROZ;OBESIDADE;0;28;24;28;80
URG I-CENTRO;E.M PROF EDIVALDO BARROS DE OLIVEIRA;MAGREZA ACENTUADA;0;4;2;0;6
URG I-CENTRO;E.M PROF EDIVALDO BARROS DE OLIVEIRA;MAGREZA;0;0;10;1;11
URG I-CENTRO;E.M PROF EDIVALDO BARROS DE OLIVEIRA;NORMAL (EUTROFIA);0;19;27;16;62
URG I-CENTRO;E.M PROF EDIVALDO BARROS DE OLIVEIRA;SOBREPESO;0;4;7;11;22
URG I-CENTRO;E.M PROF EDIVALDO BARROS DE OLIVEIRA;OBESIDADE;0;2;6;10;18
URG I-CENTRO;EMEI JESUS BOM PASTOR;MAGREZA ACENTUADA;0;0;0;0;0
URG I-CENTRO;EMEI JESUS BOM PASTOR;MAGREZA;5;0;0;0;5
URG I-CENTRO;EMEI JESUS BOM PASTOR;NORMAL (EUTROFIA);25;24;43;38;130
URG I-CENTRO;EMEI JESUS BOM PASTOR;SOBREPESO;15;2;7;12;36
URG I-CENTRO;EMEI JESUS BOM PASTOR;OBESIDADE;5;3;3;6;17
URG I-CENTRO;EMEI SAO BENEDITO;MAGREZA ACENTUADA;0;3;1;1;5
URG I-CENTRO;EMEI SAO BENEDITO;MAGREZA;0;2;0;4;6
URG I-CENTRO;EMEI SAO BENEDITO;NORMAL (EUTROFIA);0;49;51;53;153
URG I-CENTRO;EMEI SAO BENEDITO;SOBREPESO;0;26;12;5;43
URG I-CENTRO;EMEI SAO BENEDITO;OBESIDADE;0;7;3;6;16
URG I-CENTRO;SOCIEDADE FILANTRÓPICA SÃO VICENTE PATRONATO;MAGREZA ACENTUADA;0;0;5;1;6
URG I-CENTRO;SOCIEDADE FILANTRÓPICA SÃO VICENTE PATRONATO;MAGREZA;0;0;15;3;18
URG I-CENTRO;SOCIEDADE FILANTRÓPICA SÃO VICENTE PATRONATO;NORMAL (EUTROFIA);0;0;134;99;233
URG I-CENTRO;SOCIEDADE FILANTRÓPICA SÃO VICENTE PATRONATO;SOBREPESO;0;0;58;61;119
URG I-CENTRO;SOCIEDADE FILANTRÓPICA SÃO VICENTE PATRONATO;OBESIDADE;0;0;28;28;56
URG III-COMENDADOR SOARES;CIEP BRIZOLAO 071 MAXIMIANO RIBEIRO DA SILVA;MAGREZA ACENTUADA;0;7;5;34;46
URG III-COMENDADOR SOARES;CIEP BRIZOLAO 071 MAXIMIANO RIBEIRO DA SILVA;MAGREZA;0;27;22;16;65
URG III-COMENDADOR SOARES;CIEP BRIZOLAO 071 MAXIMIANO RIBEIRO DA SILVA;NORMAL (EUTROFIA);0;285;308;265;858
URG III-COMENDADOR SOARES;CIEP BRIZOLAO 071 MAXIMIANO RIBEIRO DA SILVA;SOBREPESO;0;53;43;47;143
URG III-COMENDADOR SOARES;CIEP BRIZOLAO 071 MAXIMIANO RIBEIRO DA SILVA;OBESIDADE;0;46;51;57;154
URG III-COMENDADOR SOARES;CRECHE DONA JOANA CASA DO MENOR SÃO MIUGUEL ARCANJO;MAGREZA ACENTUADA;0;0;2;0;2
URG III-COMENDADOR SOARES;CRECHE DONA JOANA CASA DO MENOR SÃO MIUGUEL ARCANJO;MAGREZA;0;2;1;2;5
URG III-COMENDADOR SOARES;CRECHE DONA JOANA CASA DO MENOR SÃO MIUGUEL ARCANJO;NORMAL (EUTROFIA);0;19;19;11;49
URG III-COMENDADOR SOARES;CRECHE DONA JOANA CASA DO MENOR SÃO MIUGUEL ARCANJO;SOBREPESO;0;10;5;19;34
URG III-COMENDADOR SOARES;CRECHE DONA JOANA CASA DO MENOR SÃO MIUGUEL ARCANJO;OBESIDADE;0;4;4;6;14
URG III-COMENDADOR SOARES;CRECHE MUNICIPAL PROF MARIA IONE SALES DE OLIVEIRA;MAGREZA ACENTUADA;0;0;0;8;8
URG III-COMENDADOR SOARES;CRECHE MUNICIPAL PROF MARIA IONE SALES DE OLIVEIRA;MAGREZA;0;0;0;1;1
URG III-COMENDADOR SOARES;CRECHE MUNICIPAL PROF MARIA IONE SALES DE OLIVEIRA;NORMAL (EUTROFIA);0;0;0;41;41
URG III-COMENDADOR SOARES;CRECHE MUNICIPAL PROF MARIA IONE SALES DE OLIVEIRA;SOBREPESO;0;0;0;34;34
URG III-COMENDADOR SOARES;CRECHE MUNICIPAL PROF MARIA IONE SALES DE OLIVEIRA;OBESIDADE;0;0;0;34;34
URG III-COMENDADOR SOARES;E M ARMANDO PIRES;MAGREZA ACENTUADA;0;9;16;4;29
URG III-COMENDADOR SOARES;E M ARMANDO PIRES;MAGREZA;0;13;49;17;79
URG III-COMENDADOR SOARES;E M ARMANDO PIRES;NORMAL (EUTROFIA);0;263;240;241;744
URG III-COMENDADOR SOARES;E M ARMANDO PIRES;SOBREPESO;0;47;42;55;144
URG III-COMENDADOR SOARES;E M ARMANDO PIRES;OBESIDADE;0;33;31;60;124
URG III-COMENDADOR SOARES;E M COMPACTOR;MAGREZA ACENTUADA;0;2;1;0;3
URG III-COMENDADOR SOARES;E M COMPACTOR;MAGREZA;0;6;3;1;10
URG III-COMENDADOR SOARES;E M COMPACTOR;NORMAL (EUTROFIA);0;167;155;141;463
URG III-COMENDADOR SOARES;E M COMPACTOR;SOBREPESO;0;31;33;43;107
URG III-COMENDADOR SOARES;E M COMPACTOR;OBESIDADE;0;21;23;30;74
URG III-COMENDADOR SOARES;E M DOM ADRIANO HIPOLITO;MAGREZA ACENTUADA;0;5;1;2;8
URG III-COMENDADOR SOARES;E M DOM ADRIANO HIPOLITO;MAGREZA;0;11;10;4;25
URG III-COMENDADOR SOARES;E M DOM ADRIANO HIPOLITO;NORMAL (EUTROFIA);0;231;218;166;615
URG III-COMENDADOR SOARES;E M DOM ADRIANO HIPOLITO;SOBREPESO;0;44;44;44;132
URG III-COMENDADOR SOARES;E M DOM ADRIANO HIPOLITO;OBESIDADE;0;41;37;37;115
URG III-COMENDADOR SOARES;E M IVONETE DOS SANTOS ALVES;MAGREZA ACENTUADA;0;3;11;3;17
URG III-COMENDADOR SOARES;E M IVONETE DOS SANTOS ALVES;MAGREZA;0;4;17;2;23
URG III-COMENDADOR SOARES;E M IVONETE DOS SANTOS ALVES;NORMAL (EUTROFIA);0;240;204;220;664
URG III-COMENDADOR SOARES;E M IVONETE DOS SANTOS ALVES;SOBREPESO;0;50;56;60;166
URG III-COMENDADOR SOARES;E M IVONETE DOS SANTOS ALVES;OBESIDADE;0;40;77;58;175
URG III-COMENDADOR SOARES;E M JOSE RIBEIRO GUIMARAES;MAGREZA ACENTUADA;0;6;1;3;10
URG III-COMENDADOR SOARES;E M JOSE RIBEIRO GUIMARAES;MAGREZA;0;15;19;15;49
URG III-COMENDADOR SOARES;E M JOSE RIBEIRO GUIMARAES;NORMAL (EUTROFIA);0;282;340;227;849
URG III-COMENDADOR SOARES;E M JOSE RIBEIRO GUIMARAES;SOBREPESO;0;60;62;51;173
URG III-COMENDADOR SOARES;E M JOSE RIBEIRO GUIMARAES;OBESIDADE;0;31;47;40;118
URG III-COMENDADOR SOARES;E M MARINETE CAVALCANTE DE OLIVEIRA;MAGREZA ACENTUADA;0;2;5;3;10
URG III-COMENDADOR SOARES;E M MARINETE CAVALCANTE DE OLIVEIRA;MAGREZA;0;13;14;2;29
URG III-COMENDADOR SOARES;E M MARINETE CAVALCANTE DE OLIVEIRA;NORMAL (EUTROFIA);0;272;233;204;709
URG III-COMENDADOR SOARES;E M MARINETE CAVALCANTE DE OLIVEIRA;SOBREPESO;0;40;42;62;144
URG III-COMENDADOR SOARES;E M MARINETE CAVALCANTE DE OLIVEIRA;OBESIDADE;0;45;32;30;107
URG III-COMENDADOR SOARES;E M NICANOR GONCALVES PEREIRA;MAGREZA ACENTUADA;0;3;2;5;10
URG III-COMENDADOR SOARES;E M NICANOR GONCALVES PEREIRA;MAGREZA;0;13;20;9;42
URG III-COMENDADOR SOARES;E M NICANOR GONCALVES PEREIRA;NORMAL (EUTROFIA);0;260;214;212;686
URG III-COMENDADOR SOARES;E M NICANOR GONCALVES PEREIRA;SOBREPESO;0;52;21;41;114
URG III-COMENDADOR SOARES;E M NICANOR GONCALVES PEREIRA;OBESIDADE;0;37;33;35;105
URG III-COMENDADOR SOARES;E M PROF IRAMAR DA COSTA LIMA MIGUEL;MAGREZA ACENTUADA;0;8;8;7;23
URG III-COMENDADOR SOARES;E M PROF IRAMAR DA COSTA LIMA MIGUEL;MAGREZA;0;32;47;53;132
URG III-COMENDADOR SOARES;E M PROF IRAMAR DA COSTA LIMA MIGUEL;NORMAL (EUTROFIA);0;426;431;474;1331
URG III-COMENDADOR SOARES;E M PROF IRAMAR DA COSTA LIMA MIGUEL;SOBREPESO;0;82;87;69;238
URG III-COMENDADOR SOARES;E M PROF IRAMAR DA COSTA LIMA MIGUEL;OBESIDADE;0;54;73;65;192
URG III-COMENDADOR SOARES;E M SOUZA E MELLO;MAGREZA ACENTUADA;0;4;5;5;14
URG III-COMENDADOR SOARES;E M SOUZA E MELLO;MAGREZA;0;15;16;19;50
URG III-COMENDADOR SOARES;E M SOUZA E MELLO;NORMAL (EUTROFIA);0;271;241;257;769
URG III-COMENDADOR SOARES;E M SOUZA E MELLO;SOBREPESO;0;54;56;49;159
URG III-COMENDADOR SOARES;E M SOUZA E MELLO;OBESIDADE;0;47;41;32;120
URG III-COMENDADOR SOARES;E.M PROF. MARA BUY FABRI;MAGREZA ACENTUADA;0;0;0;0;0
URG III-COMENDADOR SOARES;E.M PROF. MARA BUY FABRI;MAGREZA;0;0;0;0;0
URG III-COMENDADOR SOARES;E.M PROF. MARA BUY FABRI;NORMAL (EUTROFIA);0;0;0;0;0
URG III-COMENDADOR SOARES;E.M PROF. MARA BUY FABRI;SOBREPESO;0;0;0;0;0
URG III-COMENDADOR SOARES;E.M PROF. MARA BUY FABRI;OBESIDADE;0;0;0;0;0
URG III-COMENDADOR SOARES;EMEI RODRIGO TWARDOWSKY ALVES;MAGREZA ACENTUADA;0;2;23;2;27
URG III-COMENDADOR SOARES;EMEI RODRIGO TWARDOWSKY ALVES;MAGREZA;0;2;17;1;20
URG III-COMENDADOR SOARES;EMEI RODRIGO TWARDOWSKY ALVES;NORMAL (EUTROFIA);0;55;40;62;157
URG III-COMENDADOR SOARES;EMEI RODRIGO TWARDOWSKY ALVES;SOBREPESO;0;13;5;19;37
URG III-COMENDADOR SOARES;EMEI RODRIGO TWARDOWSKY ALVES;OBESIDADE;0;9;1;8;18
URG III-COMENDADOR SOARES;NÚCLEO COMUNITÁRIO DE EDUCAÇÃO INFANTIL SÃO JOSÉ OPERÁRIO;MAGREZA ACENTUADA;0;0;1;0;1
URG III-COMENDADOR SOARES;NÚCLEO COMUNITÁRIO DE EDUCAÇÃO INFANTIL SÃO JOSÉ OPERÁRIO;MAGREZA;0;0;2;0;2
URG III-COMENDADOR SOARES;NÚCLEO COMUNITÁRIO DE EDUCAÇÃO INFANTIL SÃO JOSÉ OPERÁRIO;NORMAL (EUTROFIA);0;0;23;0;23
URG III-COMENDADOR SOARES;NÚCLEO COMUNITÁRIO DE EDUCAÇÃO INFANTIL SÃO JOSÉ OPERÁRIO;SOBREPESO;0;0;10;0;10
URG III-COMENDADOR SOARES;NÚCLEO COMUNITÁRIO DE EDUCAÇÃO INFANTIL SÃO JOSÉ OPERÁRIO;OBESIDADE;0;0;1;0;1
URG II-POSSE;AVICRES ASSOCIAÇÃO VIDA NO CRESCIMENTO E NA SOLIDARIEDADE;MAGREZA ACENTUADA;0;0;0;2;2
URG II-POSSE;AVICRES ASSOCIAÇÃO VIDA NO CRESCIMENTO E NA SOLIDARIEDADE;MAGREZA;0;0;0;1;1
URG II-POSSE;AVICRES ASSOCIAÇÃO VIDA NO CRESCIMENTO E NA SOLIDARIEDADE;NORMAL (EUTROFIA);0;0;0;12;12
URG II-POSSE;AVICRES ASSOCIAÇÃO VIDA NO CRESCIMENTO E NA SOLIDARIEDADE;SOBREPESO;0;0;0;7;7
URG II-POSSE;AVICRES ASSOCIAÇÃO VIDA NO CRESCIMENTO E NA SOLIDARIEDADE;OBESIDADE;0;0;0;10;10
URG II-POSSE;C M E E ESPECIAL PAUL HARRIS;MAGREZA ACENTUADA;2;10;2;2;16
URG II-POSSE;C M E E ESPECIAL PAUL HARRIS;MAGREZA;4;11;12;7;34
URG II-POSSE;C M E E ESPECIAL PAUL HARRIS;NORMAL (EUTROFIA);125;124;131;123;503
URG II-POSSE;C M E E ESPECIAL PAUL HARRIS;SOBREPESO;37;31;26;24;118
URG II-POSSE;C M E E ESPECIAL PAUL HARRIS;OBESIDADE;20;21;17;28;86
URG II-POSSE;CIEP BRIZOLAO 099 DR BOLIVARD GOMES DE ASSUMPCAO;MAGREZA ACENTUADA;16;9;16;16;57
URG II-POSSE;CIEP BRIZOLAO 099 DR BOLIVARD GOMES DE ASSUMPCAO;MAGREZA;30;26;29;46;131
URG II-POSSE;CIEP BRIZOLAO 099 DR BOLIVARD GOMES DE ASSUMPCAO;NORMAL (EUTROFIA);266;250;261;289;1066
URG II-POSSE;CIEP BRIZOLAO 099 DR BOLIVARD GOMES DE ASSUMPCAO;SOBREPESO;55;55;67;56;233
URG II-POSSE;CIEP BRIZOLAO 099 DR BOLIVARD GOMES DE ASSUMPCAO;OBESIDADE;54;39;49;40;182
URG II-POSSE;CRECHE EDUNCANDÁRIO SÃO LÁZARO - AELO;MAGREZA ACENTUADA;0;1;1;0;2
URG II-POSSE;CRECHE EDUNCANDÁRIO SÃO LÁZARO - AELO;MAGREZA;0;1;0;1;2
URG II-POSSE;CRECHE EDUNCANDÁRIO SÃO LÁZARO - AELO;NORMAL (EUTROFIA);0;56;46;38;140
URG II-POSSE;CRECHE EDUNCANDÁRIO SÃO LÁZARO - AELO;SOBREPESO;0;24;23;27;74
URG II-POSSE;CRECHE EDUNCANDÁRIO SÃO LÁZARO - AELO;OBESIDADE;0;7;11;16;34
URG II-POSSE;CRECHE MUNICIPAL PROF ANA CLÁUDIA MARTINS DE SOUZA;MAGREZA ACENTUADA;0;0;0;0;0
URG II-POSSE;CRECHE MUNICIPAL PROF ANA CLÁUDIA MARTINS DE SOUZA;MAGREZA;0;0;0;0;0
URG II-POSSE;CRECHE MUNICIPAL PROF ANA CLÁUDIA MARTINS DE SOUZA;NORMAL (EUTROFIA);0;0;0;7;7
URG II-POSSE;CRECHE MUNICIPAL PROF ANA CLÁUDIA MARTINS DE SOUZA;SOBREPESO;0;0;0;17;17
URG II-POSSE;CRECHE MUNICIPAL PROF ANA CLÁUDIA MARTINS DE SOUZA;OBESIDADE;0;0;0;29;29
URG II-POSSE;E M DOUGLAS BRASIL;MAGREZA ACENTUADA;8;14;4;15;41
URG II-POSSE;E M DOUGLAS BRASIL;MAGREZA;53;32;37;42;164
URG II-POSSE;E M DOUGLAS BRASIL;NORMAL (EUTROFIA);424;279;413;377;1493
URG II-POSSE;E M DOUGLAS BRASIL;SOBREPESO;96;56;113;80;345
URG II-POSSE;E M DOUGLAS BRASIL;OBESIDADE;63;47;82;54;246
URG II-POSSE;E M DR ORLANDO MELLO;MAGREZA ACENTUADA;32;8;18;9;67
URG II-POSSE;E M DR ORLANDO MELLO;MAGREZA;13;39;33;23;108
URG II-POSSE;E M DR ORLANDO MELLO;NORMAL (EUTROFIA);385;319;420;308;1432
URG II-POSSE;E M DR ORLANDO MELLO;SOBREPESO;93;77;89;75;334
URG II-POSSE;E M DR ORLANDO MELLO;OBESIDADE;96;78;90;76;340
URG II-POSSE;E M ESTANISLAU RIBEIRO DO AMARAL;MAGREZA ACENTUADA;7;0;5;8;20
URG II-POSSE;E M ESTANISLAU RIBEIRO DO AMARAL;MAGREZA;38;0;24;26;88
URG II-POSSE;E M ESTANISLAU RIBEIRO DO AMARAL;NORMAL (EUTROFIA);246;0;251;212;709
URG II-POSSE;E M ESTANISLAU RIBEIRO DO AMARAL;SOBREPESO;52;0;34;20;106
URG II-POSSE;E M ESTANISLAU RIBEIRO DO AMARAL;OBESIDADE;35;0;29;25;89
URG II-POSSE;E M GUINLE;MAGREZA ACENTUADA;0;1;1;2;4
URG II-POSSE;E M GUINLE;MAGREZA;4;7;11;10;32
URG II-POSSE;E M GUINLE;NORMAL (EUTROFIA);58;76;100;90;324
URG II-POSSE;E M GUINLE;SOBREPESO;15;18;11;18;62
URG II-POSSE;E M GUINLE;OBESIDADE;13;12;12;11;48
URG II-POSSE;E M HERBERT MOSES;MAGREZA ACENTUADA;7;0;0;3;10
URG II-POSSE;E M HERBERT MOSES;MAGREZA;17;0;14;11;42
URG II-POSSE;E M HERBERT MOSES;NORMAL (EUTROFIA);210;0;145;157;512
URG II-POSSE;E M HERBERT MOSES;SOBREPESO;36;0;24;31;91
URG II-POSSE;E M HERBERT MOSES;OBESIDADE;25;0;27;21;73
URG II-POSSE;E M LUIZ DE LEMOS;MAGREZA ACENTUADA;9;2;5;8;24
URG II-POSSE;E M LUIZ DE LEMOS;MAGREZA;19;19;33;29;100
URG II-POSSE;E M LUIZ DE LEMOS;NORMAL (EUTROFIA);191;216;187;210;804
URG II-POSSE;E M LUIZ DE LEMOS;SOBREPESO;50;48;48;60;206
URG II-POSSE;E M LUIZ DE LEMOS;OBESIDADE;39;55;36;47;177
URG II-POSSE;E M MARIA ELIONDAS DOS SANTOS;MAGREZA ACENTUADA;2;2;0;0;4
URG II-POSSE;E M MARIA ELIONDAS DOS SANTOS;MAGREZA;4;1;0;1;6
URG II-POSSE;E M MARIA ELIONDAS DOS SANTOS;NORMAL (EUTROFIA);60;62;48;46;216
URG II-POSSE;E M MARIA ELIONDAS DOS SANTOS;SOBREPESO;14;13;16;8;51
URG II-POSSE;E M MARIA ELIONDAS DOS SANTOS;OBESIDADE;9;8;9;5;31
URG II-POSSE;E M PRESIDENTE GETULIO DORNELLES VARGAS;MAGREZA ACENTUADA;2;5;3;3;13
URG II-POSSE;E M PRESIDENTE GETULIO DORNELLES VARGAS;MAGREZA;8;7;5;5;25
URG II-POSSE;E M PRESIDENTE GETULIO DORNELLES VARGAS;NORMAL (EUTROFIA);156;136;138;121;551
URG II-POSSE;E M PRESIDENTE GETULIO DORNELLES VARGAS;SOBREPESO;39;19;35;13;106
URG II-POSSE;E M PRESIDENTE GETULIO DORNELLES VARGAS;OBESIDADE;19;22;33;20;94
URG II-POSSE;E M PROF CLAUDIA MARIA SALLES MONTEIRO DA SILVA;MAGREZA ACENTUADA;0;0;1;3;4
URG II-POSSE;E M PROF CLAUDIA MARIA SALLES MONTEIRO DA SILVA;MAGREZA;3;2;4;4;13
URG II-POSSE;E M PROF CLAUDIA MARIA SALLES MONTEIRO DA SILVA;NORMAL (EUTROFIA);80;50;44;63;237
URG II-POSSE;E M PROF CLAUDIA MARIA SALLES MONTEIRO DA SILVA;SOBREPESO;17;7;6;8;38
URG II-POSSE;E M PROF CLAUDIA MARIA SALLES MONTEIRO DA SILVA;OBESIDADE;17;8;3;6;34
URG II-POSSE;E M PROF THEREZINHA DA SILVA XAVIER;MAGREZA ACENTUADA;3;0;6;1;10
URG II-POSSE;E M PROF THEREZINHA DA SILVA XAVIER;MAGREZA;5;8;7;12;32
URG II-POSSE;E M PROF THEREZINHA DA SILVA XAVIER;NORMAL (EUTROFIA);154;150;150;126;580
URG II-POSSE;E M PROF THEREZINHA DA SILVA XAVIER;SOBREPESO;35;32;33;24;124
URG II-POSSE;E M PROF THEREZINHA DA SILVA XAVIER;OBESIDADE;33;20;34;26;113
URG II-POSSE;E M SAO BENEDITO;MAGREZA ACENTUADA;4;10;0;2;16
URG II-POSSE;E M SAO BENEDITO;MAGREZA;13;9;7;12;41
URG II-POSSE;E M SAO BENEDITO;NORMAL (EUTROFIA);199;193;204;259;855
URG II-POSSE;E M SAO BENEDITO;SOBREPESO;34;34;49;40;157
URG II-POSSE;E M SAO BENEDITO;OBESIDADE;42;39;43;51;175
URG II-POSSE;E M TABELIÃO MURILO COSTA;MAGREZA ACENTUADA;3;5;5;15;28
URG II-POSSE;E M TABELIÃO MURILO COSTA;MAGREZA;6;5;34;30;75
URG II-POSSE;E M TABELIÃO MURILO COSTA;NORMAL (EUTROFIA);199;105;247;209;760
URG II-POSSE;E M TABELIÃO MURILO COSTA;SOBREPESO;61;21;29;36;147
URG II-POSSE;E M TABELIÃO MURILO COSTA;OBESIDADE;42;4;26;27;99
URG II-POSSE;E M VEREADOR HELCIO CHAMBARELLI;MAGREZA ACENTUADA;5;14;5;8;32
URG II-POSSE;E M VEREADOR HELCIO CHAMBARELLI;MAGREZA;16;19;15;15;65
URG II-POSSE;E M VEREADOR HELCIO CHAMBARELLI;NORMAL (EUTROFIA);222;139;182;175;718
URG II-POSSE;E M VEREADOR HELCIO CHAMBARELLI;SOBREPESO;43;33;38;21;135
URG II-POSSE;E M VEREADOR HELCIO CHAMBARELLI;OBESIDADE;34;23;36;26;119
URG II-POSSE;E M VIRGILIO DE MELO FRANCO;MAGREZA ACENTUADA;2;1;0;1;4
URG II-POSSE;E M VIRGILIO DE MELO FRANCO;MAGREZA;5;7;2;3;17
URG II-POSSE;E M VIRGILIO DE MELO FRANCO;NORMAL (EUTROFIA);155;140;124;119;538
URG II-POSSE;E M VIRGILIO DE MELO FRANCO;SOBREPESO;33;38;18;22;111
URG II-POSSE;E M VIRGILIO DE MELO FRANCO;OBESIDADE;33;30;28;33;124
URG II-POSSE;EMEI JOSE VIEIRA JESUS;MAGREZA ACENTUADA;1;0;0;0;1
URG II-POSSE;EMEI JOSE VIEIRA JESUS;MAGREZA;3;0;0;0;3
URG II-POSSE;EMEI JOSE VIEIRA JESUS;NORMAL (EUTROFIA);37;28;26;8;99
URG II-POSSE;EMEI JOSE VIEIRA JESUS;SOBREPESO;10;7;13;5;35
URG II-POSSE;EMEI JOSE VIEIRA JESUS;OBESIDADE;8;1;5;2;16
URG IV-CABUÇU;CENTRO INTEGRADO DE DESENVOLVIMENTO INFANTIL JUNENIL CIDI;MAGREZA ACENTUADA;0;0;10;0;10
URG IV-CABUÇU;CENTRO INTEGRADO DE DESENVOLVIMENTO INFANTIL JUNENIL CIDI;MAGREZA;0;0;4;0;4
URG IV-CABUÇU;CENTRO INTEGRADO DE DESENVOLVIMENTO INFANTIL JUNENIL CIDI;NORMAL (EUTROFIA);0;50;57;20;127
URG IV-CABUÇU;CENTRO INTEGRADO DE DESENVOLVIMENTO INFANTIL JUNENIL CIDI;SOBREPESO;0;14;14;27;55
URG IV-CABUÇU;CENTRO INTEGRADO DE DESENVOLVIMENTO INFANTIL JUNENIL CIDI;OBESIDADE;0;7;8;44;59
URG IV-CABUÇU;CRECHE ANTÔNIO PINHEIRO MAGALHÃES;MAGREZA ACENTUADA;0;0;1;0;1
URG IV-CABUÇU;CRECHE ANTÔNIO PINHEIRO MAGALHÃES;MAGREZA;0;0;0;1;1
URG IV-CABUÇU;CRECHE ANTÔNIO PINHEIRO MAGALHÃES;NORMAL (EUTROFIA);0;0;8;18;26
URG IV-CABUÇU;CRECHE ANTÔNIO PINHEIRO MAGALHÃES;SOBREPESO;0;0;8;23;31
URG IV-CABUÇU;CRECHE ANTÔNIO PINHEIRO MAGALHÃES;OBESIDADE;0;0;6;15;21
URG IV-CABUÇU;E M ABILIO RIBEIRO;MAGREZA ACENTUADA;0;7;3;10;20
URG IV-CABUÇU;E M ABILIO RIBEIRO;MAGREZA;0;16;11;21;48
URG IV-CABUÇU;E M ABILIO RIBEIRO;NORMAL (EUTROFIA);0;265;231;300;796
URG IV-CABUÇU;E M ABILIO RIBEIRO;SOBREPESO;0;65;62;61;188
URG IV-CABUÇU;E M ABILIO RIBEIRO;OBESIDADE;0;47;45;46;138
URG IV-CABUÇU;E M CAMPO ALEGRE;MAGREZA ACENTUADA;0;3;0;0;3
URG IV-CABUÇU;E M CAMPO ALEGRE;MAGREZA;0;1;2;0;3
URG IV-CABUÇU;E M CAMPO ALEGRE;NORMAL (EUTROFIA);0;30;38;42;110
URG IV-CABUÇU;E M CAMPO ALEGRE;SOBREPESO;0;9;23;13;45
URG IV-CABUÇU;E M CAMPO ALEGRE;OBESIDADE;0;2;4;6;12
URG IV-CABUÇU;E M CHAER KAZEN KALAOUN;MAGREZA ACENTUADA;0;32;3;5;40
URG IV-CABUÇU;E M CHAER KAZEN KALAOUN;MAGREZA;0;41;13;13;67
URG IV-CABUÇU;E M CHAER KAZEN KALAOUN;NORMAL (EUTROFIA);0;239;287;314;840
URG IV-CABUÇU;E M CHAER KAZEN KALAOUN;SOBREPESO;0;34;49;66;149
URG IV-CABUÇU;E M CHAER KAZEN KALAOUN;OBESIDADE;0;47;50;47;144
URG IV-CABUÇU;E M DARCILIO AYRES RAUNHEITTI;MAGREZA ACENTUADA;0;12;19;9;40
URG IV-CABUÇU;E M DARCILIO AYRES RAUNHEITTI;MAGREZA;0;54;69;66;189
URG IV-CABUÇU;E M DARCILIO AYRES RAUNHEITTI;NORMAL (EUTROFIA);0;553;588;615;1756
URG IV-CABUÇU;E M DARCILIO AYRES RAUNHEITTI;SOBREPESO;0;123;90;116;329
URG IV-CABUÇU;E M DARCILIO AYRES RAUNHEITTI;OBESIDADE;0;108;76;72;256
URG IV-CABUÇU;E M DR JOSE FROES MACHADO;MAGREZA ACENTUADA;0;15;9;6;30
URG IV-CABUÇU;E M DR JOSE FROES MACHADO;MAGREZA;0;31;31;26;88
URG IV-CABUÇU;E M DR JOSE FROES MACHADO;NORMAL (EUTROFIA);0;424;486;404;1314
URG IV-CABUÇU;E M DR JOSE FROES MACHADO;SOBREPESO;0;78;92;90;260
URG IV-CABUÇU;E M DR JOSE FROES MACHADO;OBESIDADE;0;79;89;81;249
URG IV-CABUÇU;E M DR RUY BERCOT DE MATTOS;MAGREZA ACENTUADA;0;8;1;6;15
URG IV-CABUÇU;E M DR RUY BERCOT DE MATTOS;MAGREZA;0;10;7;21;38
URG IV-CABUÇU;E M DR RUY BERCOT DE MATTOS;NORMAL (EUTROFIA);0;167;153;249;569
URG IV-CABUÇU;E M DR RUY BERCOT DE MATTOS;SOBREPESO;0;25;46;51;122
URG IV-CABUÇU;E M DR RUY BERCOT DE MATTOS;OBESIDADE;0;29;34;36;99
URG IV-CABUÇU;E M FRANCISCO DE OLIVEIRA;MAGREZA ACENTUADA;0;2;5;0;7
URG IV-CABUÇU;E M FRANCISCO DE OLIVEIRA;MAGREZA;0;11;15;7;33
URG IV-CABUÇU;E M FRANCISCO DE OLIVEIRA;NORMAL (EUTROFIA);0;157;179;159;495
URG IV-CABUÇU;E M FRANCISCO DE OLIVEIRA;SOBREPESO;0;47;34;41;122
URG IV-CABUÇU;E M FRANCISCO DE OLIVEIRA;OBESIDADE;0;34;43;33;110
URG IV-CABUÇU;E M IVANI VIGNE BABO;MAGREZA ACENTUADA;0;23;3;9;35
URG IV-CABUÇU;E M IVANI VIGNE BABO;MAGREZA;0;26;24;13;63
URG IV-CABUÇU;E M IVANI VIGNE BABO;NORMAL (EUTROFIA);0;341;332;346;1019
URG IV-CABUÇU;E M IVANI VIGNE BABO;SOBREPESO;0;71;70;88;229
URG IV-CABUÇU;E M IVANI VIGNE BABO;OBESIDADE;0;37;49;49;135
URG IV-CABUÇU;E M JARDIM NOVA ERA;MAGREZA ACENTUADA;0;1;5;3;9
URG IV-CABUÇU;E M JARDIM NOVA ERA;MAGREZA;0;11;3;9;23
URG IV-CABUÇU;E M JARDIM NOVA ERA;NORMAL (EUTROFIA);0;235;207;251;693
URG IV-CABUÇU;E M JARDIM NOVA ERA;SOBREPESO;0;50;79;54;183
URG IV-CABUÇU;E M JARDIM NOVA ERA;OBESIDADE;0;34;54;38;126
URG IV-CABUÇU;E M PROF DULCE DE MOURA RAUNHEITTI RIBEIRO;MAGREZA ACENTUADA;0;3;7;1;11
URG IV-CABUÇU;E M PROF DULCE DE MOURA RAUNHEITTI RIBEIRO;MAGREZA;0;12;13;12;37
URG IV-CABUÇU;E M PROF DULCE DE MOURA RAUNHEITTI RIBEIRO;NORMAL (EUTROFIA);0;154;141;157;452
URG IV-CABUÇU;E M PROF DULCE DE MOURA RAUNHEITTI RIBEIRO;SOBREPESO;0;37;30;32;99
URG IV-CABUÇU;E M PROF DULCE DE MOURA RAUNHEITTI RIBEIRO;OBESIDADE;0;34;24;37;95
URG IV-CABUÇU;E M PROF EDNA UMBELINA DE SANT ANNA DA SILVA;MAGREZA ACENTUADA;0;5;4;1;10
URG IV-CABUÇU;E M PROF EDNA UMBELINA DE SANT ANNA DA SILVA;MAGREZA;0;12;14;16;42
URG IV-CABUÇU;E M PROF EDNA UMBELINA DE SANT ANNA DA SILVA;NORMAL (EUTROFIA);0;323;223;308;854
URG IV-CABUÇU;E M PROF EDNA UMBELINA DE SANT ANNA DA SILVA;SOBREPESO;0;81;47;75;203
URG IV-CABUÇU;E M PROF EDNA UMBELINA DE SANT ANNA DA SILVA;OBESIDADE;0;60;40;63;163
URG IV-CABUÇU;E M PROF ELIANA DE SOUZA PAPALEO MOURA ;MAGREZA ACENTUADA;0;6;15;8;29
URG IV-CABUÇU;E M PROF ELIANA DE SOUZA PAPALEO MOURA ;MAGREZA;0;25;35;42;102
URG IV-CABUÇU;E M PROF ELIANA DE SOUZA PAPALEO MOURA ;NORMAL (EUTROFIA);0;233;296;257;786
URG IV-CABUÇU;E M PROF ELIANA DE SOUZA PAPALEO MOURA ;SOBREPESO;0;57;66;68;191
URG IV-CABUÇU;E M PROF ELIANA DE SOUZA PAPALEO MOURA ;OBESIDADE;0;23;32;42;97
URG IV-CABUÇU;E M PROF JOAQUIM DE FREITAS;MAGREZA ACENTUADA;0;9;1;0;10
URG IV-CABUÇU;E M PROF JOAQUIM DE FREITAS;MAGREZA;0;17;14;2;33
URG IV-CABUÇU;E M PROF JOAQUIM DE FREITAS;NORMAL (EUTROFIA);0;150;144;86;380
URG IV-CABUÇU;E M PROF JOAQUIM DE FREITAS;SOBREPESO;0;26;29;24;79
URG IV-CABUÇU;E M PROF JOAQUIM DE FREITAS;OBESIDADE;0;21;29;22;72
URG IV-CABUÇU;E M PROF LEOPOLDINA MACHADO BARBOSA DE BARROS;MAGREZA ACENTUADA;0;8;7;4;19
URG IV-CABUÇU;E M PROF LEOPOLDINA MACHADO BARBOSA DE BARROS;MAGREZA;0;18;25;13;56
URG IV-CABUÇU;E M PROF LEOPOLDINA MACHADO BARBOSA DE BARROS;NORMAL (EUTROFIA);0;183;149;212;544
URG IV-CABUÇU;E M PROF LEOPOLDINA MACHADO BARBOSA DE BARROS;SOBREPESO;0;49;24;49;122
URG IV-CABUÇU;E M PROF LEOPOLDINA MACHADO BARBOSA DE BARROS;OBESIDADE;0;29;17;40;86
URG IV-CABUÇU;E M PROF MARIA CANDIDA SOBREIRA VIANNA;MAGREZA ACENTUADA;0;1;2;1;4
URG IV-CABUÇU;E M PROF MARIA CANDIDA SOBREIRA VIANNA;MAGREZA;0;9;15;0;24
URG IV-CABUÇU;E M PROF MARIA CANDIDA SOBREIRA VIANNA;NORMAL (EUTROFIA);0;223;207;200;630
URG IV-CABUÇU;E M PROF MARIA CANDIDA SOBREIRA VIANNA;SOBREPESO;0;54;32;63;149
URG IV-CABUÇU;E M PROF MARIA CANDIDA SOBREIRA VIANNA;OBESIDADE;0;27;22;39;88
URG IV-CABUÇU;E M PROF NABOR OTHUKI;MAGREZA ACENTUADA;0;14;0;3;17
URG IV-CABUÇU;E M PROF NABOR OTHUKI;MAGREZA;0;15;8;9;32
URG IV-CABUÇU;E M PROF NABOR OTHUKI;NORMAL (EUTROFIA);0;312;198;215;725
URG IV-CABUÇU;E M PROF NABOR OTHUKI;SOBREPESO;0;47;31;50;128
URG IV-CABUÇU;E M PROF NABOR OTHUKI;OBESIDADE;0;52;29;46;127
URG IV-CABUÇU;E M PROF NEWTON GONCALVES DE BARROS;MAGREZA ACENTUADA;0;14;11;3;28
URG IV-CABUÇU;E M PROF NEWTON GONCALVES DE BARROS;MAGREZA;0;14;11;17;42
URG IV-CABUÇU;E M PROF NEWTON GONCALVES DE BARROS;NORMAL (EUTROFIA);0;276;295;275;846
URG IV-CABUÇU;E M PROF NEWTON GONCALVES DE BARROS;SOBREPESO;0;56;47;63;166
URG IV-CABUÇU;E M PROF NEWTON GONCALVES DE BARROS;OBESIDADE;0;36;46;60;142
URG IV-CABUÇU;E M TRES MARIAS;MAGREZA ACENTUADA;0;8;16;6;30
URG IV-CABUÇU;E M TRES MARIAS;MAGREZA;0;21;47;15;83
URG IV-CABUÇU;E M TRES MARIAS;NORMAL (EUTROFIA);0;542;477;500;1519
URG IV-CABUÇU;E M TRES MARIAS;SOBREPESO;0;69;48;100;217
URG IV-CABUÇU;E M TRES MARIAS;OBESIDADE;0;64;48;67;179
URG IV-CABUÇU;E M VISCONDE DE ITABORAI;MAGREZA ACENTUADA;0;2;0;3;5
URG IV-CABUÇU;E M VISCONDE DE ITABORAI;MAGREZA;0;2;0;11;13
URG IV-CABUÇU;E M VISCONDE DE ITABORAI;NORMAL (EUTROFIA);0;109;38;100;247
URG IV-CABUÇU;E M VISCONDE DE ITABORAI;SOBREPESO;0;18;6;15;39
URG IV-CABUÇU;E M VISCONDE DE ITABORAI;OBESIDADE;0;7;8;4;19
URG IV-CABUÇU;EM PROF ELIANA MARTINS MAIA;MAGREZA ACENTUADA;0;0;1;1;2
URG IV-CABUÇU;EM PROF ELIANA MARTINS MAIA;MAGREZA;0;0;4;7;11
URG IV-CABUÇU;EM PROF ELIANA MARTINS MAIA;NORMAL (EUTROFIA);0;0;165;166;331
URG IV-CABUÇU;EM PROF ELIANA MARTINS MAIA;SOBREPESO;0;0;31;38;69
URG IV-CABUÇU;EM PROF ELIANA MARTINS MAIA;OBESIDADE;0;0;27;22;49
URG IV-CABUÇU;EMEI LEILA MARIA CÔRTES SAMPAIO;MAGREZA ACENTUADA;0;0;3;0;3
URG IV-CABUÇU;EMEI LEILA MARIA CÔRTES SAMPAIO;MAGREZA;0;0;8;2;10
URG IV-CABUÇU;EMEI LEILA MARIA CÔRTES SAMPAIO;NORMAL (EUTROFIA);0;72;51;43;166
URG IV-CABUÇU;EMEI LEILA MARIA CÔRTES SAMPAIO;SOBREPESO;0;19;13;18;50
URG IV-CABUÇU;EMEI LEILA MARIA CÔRTES SAMPAIO;OBESIDADE;0;4;6;6;16
URG IV-CABUÇU;EMEI MONTE SOL;MAGREZA ACENTUADA;0;0;4;0;4
URG IV-CABUÇU;EMEI MONTE SOL;MAGREZA;0;0;6;0;6
URG IV-CABUÇU;EMEI MONTE SOL;NORMAL (EUTROFIA);0;42;45;52;139
URG IV-CABUÇU;EMEI MONTE SOL;SOBREPESO;0;18;9;24;51
URG IV-CABUÇU;EMEI MONTE SOL;OBESIDADE;0;5;7;8;20
URG IV-CABUÇU;EMEI NOVA ERA;MAGREZA ACENTUADA;0;2;1;1;4
URG IV-CABUÇU;EMEI NOVA ERA;MAGREZA;0;5;5;1;11
URG IV-CABUÇU;EMEI NOVA ERA;NORMAL (EUTROFIA);0;62;51;51;164
URG IV-CABUÇU;EMEI NOVA ERA;SOBREPESO;0;14;14;23;51
URG IV-CABUÇU;EMEI NOVA ERA;OBESIDADE;0;13;9;15;37
URG IV-CABUÇU;SOCIEDADE BENEFICIENTE DE CAMPO ALEGRE SOBEM  ;MAGREZA ACENTUADA;0;0;6;0;6
URG IV-CABUÇU;SOCIEDADE BENEFICIENTE DE CAMPO ALEGRE SOBEM  ;MAGREZA;0;0;11;0;11
URG IV-CABUÇU;SOCIEDADE BENEFICIENTE DE CAMPO ALEGRE SOBEM  ;NORMAL (EUTROFIA);0;0;20;22;42
URG IV-CABUÇU;SOCIEDADE BENEFICIENTE DE CAMPO ALEGRE SOBEM  ;SOBREPESO;0;0;2;10;12
URG IV-CABUÇU;SOCIEDADE BENEFICIENTE DE CAMPO ALEGRE SOBEM  ;OBESIDADE;0;0;0;2;2
URG IX-TINGUA;E M BARAO DE TINGUA;MAGREZA ACENTUADA;4;5;1;4;14
URG IX-TINGUA;E M BARAO DE TINGUA;MAGREZA;13;19;5;23;60
URG IX-TINGUA;E M BARAO DE TINGUA;NORMAL (EUTROFIA);229;178;183;177;767
URG IX-TINGUA;E M BARAO DE TINGUA;SOBREPESO;45;25;25;35;130
URG IX-TINGUA;E M BARAO DE TINGUA;OBESIDADE;46;25;27;25;123
URG IX-TINGUA;E M DE JACERUBA;MAGREZA ACENTUADA;2;1;2;4;9
URG IX-TINGUA;E M DE JACERUBA;MAGREZA;5;3;11;7;26
URG IX-TINGUA;E M DE JACERUBA;NORMAL (EUTROFIA);85;18;66;55;224
URG IX-TINGUA;E M DE JACERUBA;SOBREPESO;18;1;24;23;66
URG IX-TINGUA;E M DE JACERUBA;OBESIDADE;16;0;13;12;41
URG IX-TINGUA;E M JARDIM MONTEVIDEO;MAGREZA ACENTUADA;0;0;2;0;2
URG IX-TINGUA;E M JARDIM MONTEVIDEO;MAGREZA;2;4;1;1;8
URG IX-TINGUA;E M JARDIM MONTEVIDEO;NORMAL (EUTROFIA);57;42;31;53;183
URG IX-TINGUA;E M JARDIM MONTEVIDEO;SOBREPESO;16;11;5;12;44
URG IX-TINGUA;E M JARDIM MONTEVIDEO;OBESIDADE;10;3;7;16;36
URG IX-TINGUA;E M PROF LUCIA VIANA CAPELLI;MAGREZA ACENTUADA;2;1;10;4;17
URG IX-TINGUA;E M PROF LUCIA VIANA CAPELLI;MAGREZA;3;4;24;7;38
URG IX-TINGUA;E M PROF LUCIA VIANA CAPELLI;NORMAL (EUTROFIA);81;112;132;111;436
URG IX-TINGUA;E M PROF LUCIA VIANA CAPELLI;SOBREPESO;18;25;29;25;97
URG IX-TINGUA;E M PROF LUCIA VIANA CAPELLI;OBESIDADE;14;17;14;14;59
URG IX-TINGUA;E M PROF THEREZINHA DE JESUS ARAUJO HERMIDA;MAGREZA ACENTUADA;4;1;2;2;9
URG IX-TINGUA;E M PROF THEREZINHA DE JESUS ARAUJO HERMIDA;MAGREZA;10;11;18;6;45
URG IX-TINGUA;E M PROF THEREZINHA DE JESUS ARAUJO HERMIDA;NORMAL (EUTROFIA);142;134;150;153;579
URG IX-TINGUA;E M PROF THEREZINHA DE JESUS ARAUJO HERMIDA;SOBREPESO;28;15;22;29;94
URG IX-TINGUA;E M PROF THEREZINHA DE JESUS ARAUJO HERMIDA;OBESIDADE;17;20;18;14;69
URG IX-TINGUA;E M VALE DO TINGUA;MAGREZA ACENTUADA;2;0;1;3;6
URG IX-TINGUA;E M VALE DO TINGUA;MAGREZA;6;0;8;9;23
URG IX-TINGUA;E M VALE DO TINGUA;NORMAL (EUTROFIA);48;0;93;88;229
URG IX-TINGUA;E M VALE DO TINGUA;SOBREPESO;7;0;16;20;43
URG IX-TINGUA;E M VALE DO TINGUA;OBESIDADE;6;0;4;11;21
URG IX-TINGUA;EMEI TERRA DE MARAMBAIA;MAGREZA ACENTUADA;1;1;0;0;2
URG IX-TINGUA;EMEI TERRA DE MARAMBAIA;MAGREZA;0;0;1;1;2
URG IX-TINGUA;EMEI TERRA DE MARAMBAIA;NORMAL (EUTROFIA);24;26;24;26;100
URG IX-TINGUA;EMEI TERRA DE MARAMBAIA;SOBREPESO;10;2;2;19;33
URG IX-TINGUA;EMEI TERRA DE MARAMBAIA;OBESIDADE;3;2;1;4;10
URG VI-AUSTIN;CRECHE MUNICIPAL PROF.CARLOS ALBERTO HORTA AVELINO;MAGREZA ACENTUADA;0;0;1;0;1
URG VI-AUSTIN;CRECHE MUNICIPAL PROF.CARLOS ALBERTO HORTA AVELINO;MAGREZA;0;0;2;0;2
URG VI-AUSTIN;CRECHE MUNICIPAL PROF.CARLOS ALBERTO HORTA AVELINO;NORMAL (EUTROFIA);0;0;14;29;43
URG VI-AUSTIN;CRECHE MUNICIPAL PROF.CARLOS ALBERTO HORTA AVELINO;SOBREPESO;0;0;8;12;20
URG VI-AUSTIN;CRECHE MUNICIPAL PROF.CARLOS ALBERTO HORTA AVELINO;OBESIDADE;0;0;6;4;10
URG VI-AUSTIN;E M ALTHAIR PIMENTA DE MORAES;MAGREZA ACENTUADA;0;11;6;8;25
URG VI-AUSTIN;E M ALTHAIR PIMENTA DE MORAES;MAGREZA;0;28;27;31;86
URG VI-AUSTIN;E M ALTHAIR PIMENTA DE MORAES;NORMAL (EUTROFIA);0;398;432;384;1214
URG VI-AUSTIN;E M ALTHAIR PIMENTA DE MORAES;SOBREPESO;0;77;83;74;234
URG VI-AUSTIN;E M ALTHAIR PIMENTA DE MORAES;OBESIDADE;0;40;54;56;150
URG VI-AUSTIN;E M DR JOSE BRIGAGAO FERREIRA;MAGREZA ACENTUADA;0;1;4;2;7
URG VI-AUSTIN;E M DR JOSE BRIGAGAO FERREIRA;MAGREZA;0;6;11;6;23
URG VI-AUSTIN;E M DR JOSE BRIGAGAO FERREIRA;NORMAL (EUTROFIA);0;147;168;138;453
URG VI-AUSTIN;E M DR JOSE BRIGAGAO FERREIRA;SOBREPESO;0;36;29;34;99
URG VI-AUSTIN;E M DR JOSE BRIGAGAO FERREIRA;OBESIDADE;0;26;28;15;69
URG VI-AUSTIN;E M DR ODIR ARAUJO;MAGREZA ACENTUADA;0;1;4;2;7
URG VI-AUSTIN;E M DR ODIR ARAUJO;MAGREZA;0;9;12;9;30
URG VI-AUSTIN;E M DR ODIR ARAUJO;NORMAL (EUTROFIA);0;130;129;98;357
URG VI-AUSTIN;E M DR ODIR ARAUJO;SOBREPESO;0;19;14;22;55
URG VI-AUSTIN;E M DR ODIR ARAUJO;OBESIDADE;0;21;25;23;69
URG VI-AUSTIN;E M GOVERNADOR LEONEL DE MOURA BRIZOLA;MAGREZA ACENTUADA;0;12;7;7;26
URG VI-AUSTIN;E M GOVERNADOR LEONEL DE MOURA BRIZOLA;MAGREZA;0;37;59;33;129
URG VI-AUSTIN;E M GOVERNADOR LEONEL DE MOURA BRIZOLA;NORMAL (EUTROFIA);0;411;396;434;1241
URG VI-AUSTIN;E M GOVERNADOR LEONEL DE MOURA BRIZOLA;SOBREPESO;0;77;82;110;269
URG VI-AUSTIN;E M GOVERNADOR LEONEL DE MOURA BRIZOLA;OBESIDADE;0;67;66;84;217
URG VI-AUSTIN;E M JOSE DE ANCHIETA;MAGREZA ACENTUADA;0;2;13;2;17
URG VI-AUSTIN;E M JOSE DE ANCHIETA;MAGREZA;0;10;18;7;35
URG VI-AUSTIN;E M JOSE DE ANCHIETA;NORMAL (EUTROFIA);0;129;106;125;360
URG VI-AUSTIN;E M JOSE DE ANCHIETA;SOBREPESO;0;29;21;36;86
URG VI-AUSTIN;E M JOSE DE ANCHIETA;OBESIDADE;0;18;20;33;71
URG VI-AUSTIN;E M JOSE LUIZ DA SILVA;MAGREZA ACENTUADA;0;24;6;4;34
URG VI-AUSTIN;E M JOSE LUIZ DA SILVA;MAGREZA;0;24;12;7;43
URG VI-AUSTIN;E M JOSE LUIZ DA SILVA;NORMAL (EUTROFIA);0;264;269;223;756
URG VI-AUSTIN;E M JOSE LUIZ DA SILVA;SOBREPESO;0;54;39;62;155
URG VI-AUSTIN;E M JOSE LUIZ DA SILVA;OBESIDADE;0;36;32;52;120
URG VI-AUSTIN;E M KERMA MOREIRA FRANCO;MAGREZA ACENTUADA;0;13;8;12;33
URG VI-AUSTIN;E M KERMA MOREIRA FRANCO;MAGREZA;0;24;36;21;81
URG VI-AUSTIN;E M KERMA MOREIRA FRANCO;NORMAL (EUTROFIA);0;418;399;430;1247
URG VI-AUSTIN;E M KERMA MOREIRA FRANCO;SOBREPESO;0;73;62;94;229
URG VI-AUSTIN;E M KERMA MOREIRA FRANCO;OBESIDADE;0;69;67;73;209
URG VI-AUSTIN;E M NENA RODRIGUES;MAGREZA ACENTUADA;0;3;5;1;9
URG VI-AUSTIN;E M NENA RODRIGUES;MAGREZA;0;7;22;6;35
URG VI-AUSTIN;E M NENA RODRIGUES;NORMAL (EUTROFIA);0;177;150;184;511
URG VI-AUSTIN;E M NENA RODRIGUES;SOBREPESO;0;33;16;42;91
URG VI-AUSTIN;E M NENA RODRIGUES;OBESIDADE;0;21;11;31;63
URG VI-AUSTIN;E M PROF ENILZA BARROS DOS SANTOS CHICONELLI;MAGREZA ACENTUADA;0;15;27;16;58
URG VI-AUSTIN;E M PROF ENILZA BARROS DOS SANTOS CHICONELLI;MAGREZA;0;44;74;74;192
URG VI-AUSTIN;E M PROF ENILZA BARROS DOS SANTOS CHICONELLI;NORMAL (EUTROFIA);0;531;426;544;1501
URG VI-AUSTIN;E M PROF ENILZA BARROS DOS SANTOS CHICONELLI;SOBREPESO;0;96;93;74;263
URG VI-AUSTIN;E M PROF ENILZA BARROS DOS SANTOS CHICONELLI;OBESIDADE;0;68;67;75;210
URG VI-AUSTIN;E M PROF FRANKLIN BOLIVAR FERNANDES;MAGREZA ACENTUADA;0;3;1;3;7
URG VI-AUSTIN;E M PROF FRANKLIN BOLIVAR FERNANDES;MAGREZA;0;5;7;13;25
URG VI-AUSTIN;E M PROF FRANKLIN BOLIVAR FERNANDES;NORMAL (EUTROFIA);0;268;265;210;743
URG VI-AUSTIN;E M PROF FRANKLIN BOLIVAR FERNANDES;SOBREPESO;0;72;72;44;188
URG VI-AUSTIN;E M PROF FRANKLIN BOLIVAR FERNANDES;OBESIDADE;0;56;55;40;151
URG VI-AUSTIN;E M PROF MARCIO CAULINO SOARES;MAGREZA ACENTUADA;0;21;15;11;47
URG VI-AUSTIN;E M PROF MARCIO CAULINO SOARES;MAGREZA;0;38;44;42;124
URG VI-AUSTIN;E M PROF MARCIO CAULINO SOARES;NORMAL (EUTROFIA);0;447;395;439;1281
URG VI-AUSTIN;E M PROF MARCIO CAULINO SOARES;SOBREPESO;0;108;89;90;287
URG VI-AUSTIN;E M PROF MARCIO CAULINO SOARES;OBESIDADE;0;80;81;99;260
URG VI-AUSTIN;E M RUI BARBOSA;MAGREZA ACENTUADA;0;5;2;3;10
URG VI-AUSTIN;E M RUI BARBOSA;MAGREZA;0;9;9;7;25
URG VI-AUSTIN;E M RUI BARBOSA;NORMAL (EUTROFIA);0;254;228;239;721
URG VI-AUSTIN;E M RUI BARBOSA;SOBREPESO;0;42;40;59;141
URG VI-AUSTIN;E M RUI BARBOSA;OBESIDADE;0;42;34;46;122
URG VI-AUSTIN;E M WALFREDO DA SILVA LESSA;MAGREZA ACENTUADA;0;20;7;7;34
URG VI-AUSTIN;E M WALFREDO DA SILVA LESSA;MAGREZA;0;30;14;31;75
URG VI-AUSTIN;E M WALFREDO DA SILVA LESSA;NORMAL (EUTROFIA);0;334;311;317;962
URG VI-AUSTIN;E M WALFREDO DA SILVA LESSA;SOBREPESO;0;60;61;66;187
URG VI-AUSTIN;E M WALFREDO DA SILVA LESSA;OBESIDADE;0;50;67;53;170
URG VI-AUSTIN;EMEI OLGA CELESTINA GILIBERTI ALMEIDA;MAGREZA ACENTUADA;0;3;0;9;12
URG VI-AUSTIN;EMEI OLGA CELESTINA GILIBERTI ALMEIDA;MAGREZA;0;1;3;28;32
URG VI-AUSTIN;EMEI OLGA CELESTINA GILIBERTI ALMEIDA;NORMAL (EUTROFIA);0;71;70;76;217
URG VI-AUSTIN;EMEI OLGA CELESTINA GILIBERTI ALMEIDA;SOBREPESO;0;11;23;5;39
URG VI-AUSTIN;EMEI OLGA CELESTINA GILIBERTI ALMEIDA;OBESIDADE;0;10;11;5;26
URG VI-AUSTIN;EMEI VILA SAO MIGUEL;MAGREZA ACENTUADA;0;0;1;1;2
URG VI-AUSTIN;EMEI VILA SAO MIGUEL;MAGREZA;0;1;7;2;10
URG VI-AUSTIN;EMEI VILA SAO MIGUEL;NORMAL (EUTROFIA);0;38;33;36;107
URG VI-AUSTIN;EMEI VILA SAO MIGUEL;SOBREPESO;0;11;14;13;38
URG VI-AUSTIN;EMEI VILA SAO MIGUEL;OBESIDADE;0;5;8;12;25
URG VIII-MIGUEL COUTO;CRECHE MUNICIPAL ELISABETE CARDOSO BARBOSA ARAÚJO;MAGREZA ACENTUADA;0;0;0;1;2
URG VIII-MIGUEL COUTO;CRECHE MUNICIPAL ELISABETE CARDOSO BARBOSA ARAÚJO;MAGREZA;0;0;0;2;3
URG VIII-MIGUEL COUTO;CRECHE MUNICIPAL ELISABETE CARDOSO BARBOSA ARAÚJO;NORMAL (EUTROFIA);0;0;0;32;62
URG VIII-MIGUEL COUTO;CRECHE MUNICIPAL ELISABETE CARDOSO BARBOSA ARAÚJO;SOBREPESO;0;0;0;10;30
URG VIII-MIGUEL COUTO;CRECHE MUNICIPAL ELISABETE CARDOSO BARBOSA ARAÚJO;OBESIDADE;0;0;0;4;20
URG VIII-MIGUEL COUTO;E M ANTONIO PINHEIRO GUIMARAES VICTORY;MAGREZA ACENTUADA;0;1;4;1;18
URG VIII-MIGUEL COUTO;E M ANTONIO PINHEIRO GUIMARAES VICTORY;MAGREZA;0;14;17;20;68
URG VIII-MIGUEL COUTO;E M ANTONIO PINHEIRO GUIMARAES VICTORY;NORMAL (EUTROFIA);0;192;217;158;714
URG VIII-MIGUEL COUTO;E M ANTONIO PINHEIRO GUIMARAES VICTORY;SOBREPESO;0;30;29;27;119
URG VIII-MIGUEL COUTO;E M ANTONIO PINHEIRO GUIMARAES VICTORY;OBESIDADE;0;31;29;22;105
URG VIII-MIGUEL COUTO;E M AYRTON SENNA;MAGREZA ACENTUADA;0;1;11;11;26
URG VIII-MIGUEL COUTO;E M AYRTON SENNA;MAGREZA;0;18;13;24;67
URG VIII-MIGUEL COUTO;E M AYRTON SENNA;NORMAL (EUTROFIA);0;364;297;286;1202
URG VIII-MIGUEL COUTO;E M AYRTON SENNA;SOBREPESO;0;51;40;38;170
URG VIII-MIGUEL COUTO;E M AYRTON SENNA;OBESIDADE;0;51;42;30;172
URG VIII-MIGUEL COUTO;E M FLOR DE LIS;MAGREZA ACENTUADA;0;2;3;4;14
URG VIII-MIGUEL COUTO;E M FLOR DE LIS;MAGREZA;0;12;15;20;65
URG VIII-MIGUEL COUTO;E M FLOR DE LIS;NORMAL (EUTROFIA);0;201;240;238;874
URG VIII-MIGUEL COUTO;E M FLOR DE LIS;SOBREPESO;0;25;23;37;114
URG VIII-MIGUEL COUTO;E M FLOR DE LIS;OBESIDADE;0;26;18;20;80
URG VIII-MIGUEL COUTO;E M JANIR CLEMENTINO PEREIRA;MAGREZA ACENTUADA;0;6;14;9;52
URG VIII-MIGUEL COUTO;E M JANIR CLEMENTINO PEREIRA;MAGREZA;0;54;31;53;206
URG VIII-MIGUEL COUTO;E M JANIR CLEMENTINO PEREIRA;NORMAL (EUTROFIA);0;459;442;460;1806
URG VIII-MIGUEL COUTO;E M JANIR CLEMENTINO PEREIRA;SOBREPESO;0;82;101;104;394
URG VIII-MIGUEL COUTO;E M JANIR CLEMENTINO PEREIRA;OBESIDADE;0;57;78;79;282
URG VIII-MIGUEL COUTO;E M PAULO ROBERTO FIORENZANO ARAUJO;MAGREZA ACENTUADA;0;18;15;1;37
URG VIII-MIGUEL COUTO;E M PAULO ROBERTO FIORENZANO ARAUJO;MAGREZA;0;12;11;4;38
URG VIII-MIGUEL COUTO;E M PAULO ROBERTO FIORENZANO ARAUJO;NORMAL (EUTROFIA);0;251;201;199;872
URG VIII-MIGUEL COUTO;E M PAULO ROBERTO FIORENZANO ARAUJO;SOBREPESO;0;50;45;65;199
URG VIII-MIGUEL COUTO;E M PAULO ROBERTO FIORENZANO ARAUJO;OBESIDADE;0;39;27;52;162
URG VIII-MIGUEL COUTO;E M PROF ANNA MARIA RAMALHO;MAGREZA ACENTUADA;0;10;8;5;25
URG VIII-MIGUEL COUTO;E M PROF ANNA MARIA RAMALHO;MAGREZA;0;17;21;33;92
URG VIII-MIGUEL COUTO;E M PROF ANNA MARIA RAMALHO;NORMAL (EUTROFIA);0;299;253;299;1176
URG VIII-MIGUEL COUTO;E M PROF ANNA MARIA RAMALHO;SOBREPESO;0;68;76;56;257
URG VIII-MIGUEL COUTO;E M PROF ANNA MARIA RAMALHO;OBESIDADE;0;60;54;42;203
URG VIII-MIGUEL COUTO;E M PROF DARCY RIBEIRO;MAGREZA ACENTUADA;0;5;3;5;21
URG VIII-MIGUEL COUTO;E M PROF DARCY RIBEIRO;MAGREZA;0;10;11;28;72
URG VIII-MIGUEL COUTO;E M PROF DARCY RIBEIRO;NORMAL (EUTROFIA);0;302;306;309;1218
URG VIII-MIGUEL COUTO;E M PROF DARCY RIBEIRO;SOBREPESO;0;44;31;34;153
URG VIII-MIGUEL COUTO;E M PROF DARCY RIBEIRO;OBESIDADE;0;28;29;25;109
URG VIII-MIGUEL COUTO;E M PROF HAULER DA SILVA FERREIRA;MAGREZA ACENTUADA;0;6;4;9;21
URG VIII-MIGUEL COUTO;E M PROF HAULER DA SILVA FERREIRA;MAGREZA;0;15;13;19;58
URG VIII-MIGUEL COUTO;E M PROF HAULER DA SILVA FERREIRA;NORMAL (EUTROFIA);0;407;355;340;1371
URG VIII-MIGUEL COUTO;E M PROF HAULER DA SILVA FERREIRA;SOBREPESO;0;94;78;67;305
URG VIII-MIGUEL COUTO;E M PROF HAULER DA SILVA FERREIRA;OBESIDADE;0;53;46;51;217
URG VIII-MIGUEL COUTO;E M PROF RUY AFRANIO PEIXOTO;MAGREZA ACENTUADA;0;8;10;6;39
URG VIII-MIGUEL COUTO;E M PROF RUY AFRANIO PEIXOTO;MAGREZA;0;25;43;15;100
URG VIII-MIGUEL COUTO;E M PROF RUY AFRANIO PEIXOTO;NORMAL (EUTROFIA);0;328;389;299;1283
URG VIII-MIGUEL COUTO;E M PROF RUY AFRANIO PEIXOTO;SOBREPESO;0;67;64;68;256
URG VIII-MIGUEL COUTO;E M PROF RUY AFRANIO PEIXOTO;OBESIDADE;0;67;51;53;210
URG VIII-MIGUEL COUTO;E M SAO MIGUEL ARCANJO;MAGREZA ACENTUADA;0;2;6;1;9
URG VIII-MIGUEL COUTO;E M SAO MIGUEL ARCANJO;MAGREZA;0;8;15;7;34
URG VIII-MIGUEL COUTO;E M SAO MIGUEL ARCANJO;NORMAL (EUTROFIA);0;173;151;126;563
URG VIII-MIGUEL COUTO;E M SAO MIGUEL ARCANJO;SOBREPESO;0;37;34;30;135
URG VIII-MIGUEL COUTO;E M SAO MIGUEL ARCANJO;OBESIDADE;0;27;28;36;121
URG VIII-MIGUEL COUTO;EMEI AMBAI;MAGREZA ACENTUADA;0;1;0;1;3
URG VIII-MIGUEL COUTO;EMEI AMBAI;MAGREZA;0;4;0;0;9
URG VIII-MIGUEL COUTO;EMEI AMBAI;NORMAL (EUTROFIA);0;62;42;31;193
URG VIII-MIGUEL COUTO;EMEI AMBAI;SOBREPESO;0;12;13;20;61
URG VIII-MIGUEL COUTO;EMEI AMBAI;OBESIDADE;0;3;2;9;18
URG VIII-MIGUEL COUTO;EMEI CASA DA CRIANCA DE MIGUEL COUTO;MAGREZA ACENTUADA;0;0;2;0;2
URG VIII-MIGUEL COUTO;EMEI CASA DA CRIANCA DE MIGUEL COUTO;MAGREZA;0;0;3;5;11
URG VIII-MIGUEL COUTO;EMEI CASA DA CRIANCA DE MIGUEL COUTO;NORMAL (EUTROFIA);0;36;31;30;120
URG VIII-MIGUEL COUTO;EMEI CASA DA CRIANCA DE MIGUEL COUTO;SOBREPESO;0;16;10;10;40
URG VIII-MIGUEL COUTO;EMEI CASA DA CRIANCA DE MIGUEL COUTO;OBESIDADE;0;5;14;3;26
URG VIII-MIGUEL COUTO;GRUPO AÇÃO COMUNITÁRIO CORAÇÃO DE MÃE;MAGREZA ACENTUADA;0;0;0;1;1
URG VIII-MIGUEL COUTO;GRUPO AÇÃO COMUNITÁRIO CORAÇÃO DE MÃE;MAGREZA;0;2;1;1;4
URG VIII-MIGUEL COUTO;GRUPO AÇÃO COMUNITÁRIO CORAÇÃO DE MÃE;NORMAL (EUTROFIA);0;24;25;12;64
URG VIII-MIGUEL COUTO;GRUPO AÇÃO COMUNITÁRIO CORAÇÃO DE MÃE;SOBREPESO;0;9;14;9;46
URG VIII-MIGUEL COUTO;GRUPO AÇÃO COMUNITÁRIO CORAÇÃO DE MÃE;OBESIDADE;0;3;4;2;23
URG VII-VILA DE CAVA;CENTRO COMUNITÁRIO SÃO SEBASTIÃO DE VILA DE CAVA CECOM;MAGREZA ACENTUADA;0;0;13;0;13
URG VII-VILA DE CAVA;CENTRO COMUNITÁRIO SÃO SEBASTIÃO DE VILA DE CAVA CECOM;MAGREZA;0;2;8;4;14
URG VII-VILA DE CAVA;CENTRO COMUNITÁRIO SÃO SEBASTIÃO DE VILA DE CAVA CECOM;NORMAL (EUTROFIA);0;53;31;37;121
URG VII-VILA DE CAVA;CENTRO COMUNITÁRIO SÃO SEBASTIÃO DE VILA DE CAVA CECOM;SOBREPESO;0;23;2;21;46
URG VII-VILA DE CAVA;CENTRO COMUNITÁRIO SÃO SEBASTIÃO DE VILA DE CAVA CECOM;OBESIDADE;0;9;2;13;24
URG VII-VILA DE CAVA;CENTRO COMUNITÁRIO SÃO SEBASTIÃO DE VILA DE CAVA CECOM FÉ E ESPERANÇA;MAGREZA ACENTUADA;0;1;1;0;2
URG VII-VILA DE CAVA;CENTRO COMUNITÁRIO SÃO SEBASTIÃO DE VILA DE CAVA CECOM FÉ E ESPERANÇA;MAGREZA;0;1;1;0;2
URG VII-VILA DE CAVA;CENTRO COMUNITÁRIO SÃO SEBASTIÃO DE VILA DE CAVA CECOM FÉ E ESPERANÇA;NORMAL (EUTROFIA);0;61;35;40;136
URG VII-VILA DE CAVA;CENTRO COMUNITÁRIO SÃO SEBASTIÃO DE VILA DE CAVA CECOM FÉ E ESPERANÇA;SOBREPESO;0;26;18;25;69
URG VII-VILA DE CAVA;CENTRO COMUNITÁRIO SÃO SEBASTIÃO DE VILA DE CAVA CECOM FÉ E ESPERANÇA;OBESIDADE;0;2;6;8;16
URG VII-VILA DE CAVA;CRECHE MUNICIPAL PROF. DENISE FERNANDES DA SILVA PAULINO;MAGREZA ACENTUADA;0;0;0;2;2
URG VII-VILA DE CAVA;CRECHE MUNICIPAL PROF. DENISE FERNANDES DA SILVA PAULINO;MAGREZA;0;2;1;2;5
URG VII-VILA DE CAVA;CRECHE MUNICIPAL PROF. DENISE FERNANDES DA SILVA PAULINO;NORMAL (EUTROFIA);0;25;15;15;64
URG VII-VILA DE CAVA;CRECHE MUNICIPAL PROF. DENISE FERNANDES DA SILVA PAULINO;SOBREPESO;0;7;4;12;35
URG VII-VILA DE CAVA;CRECHE MUNICIPAL PROF. DENISE FERNANDES DA SILVA PAULINO;OBESIDADE;0;3;6;5;23
URG VII-VILA DE CAVA;CRECHE MUNICIPAL PROF. LUCIANA COSTA MARTINS;MAGREZA ACENTUADA;0;0;1;1;2
URG VII-VILA DE CAVA;CRECHE MUNICIPAL PROF. LUCIANA COSTA MARTINS;MAGREZA;0;0;1;0;2
URG VII-VILA DE CAVA;CRECHE MUNICIPAL PROF. LUCIANA COSTA MARTINS;NORMAL (EUTROFIA);0;0;39;26;99
URG VII-VILA DE CAVA;CRECHE MUNICIPAL PROF. LUCIANA COSTA MARTINS;SOBREPESO;0;0;15;14;63
URG VII-VILA DE CAVA;CRECHE MUNICIPAL PROF. LUCIANA COSTA MARTINS;OBESIDADE;0;0;3;9;34
URG VII-VILA DE CAVA;E M ADRIANOPOLIS;MAGREZA ACENTUADA;0;0;2;0;2
URG VII-VILA DE CAVA;E M ADRIANOPOLIS;MAGREZA;2;0;2;0;4
URG VII-VILA DE CAVA;E M ADRIANOPOLIS;NORMAL (EUTROFIA);62;0;43;28;133
URG VII-VILA DE CAVA;E M ADRIANOPOLIS;SOBREPESO;18;0;7;3;28
URG VII-VILA DE CAVA;E M ADRIANOPOLIS;OBESIDADE;10;0;8;9;27
URG VII-VILA DE CAVA;E M AMERICA XAVIER DA SILVEIRA;MAGREZA ACENTUADA;0;4;3;3;15
URG VII-VILA DE CAVA;E M AMERICA XAVIER DA SILVEIRA;MAGREZA;0;17;28;25;92
URG VII-VILA DE CAVA;E M AMERICA XAVIER DA SILVEIRA;NORMAL (EUTROFIA);0;351;332;300;1262
URG VII-VILA DE CAVA;E M AMERICA XAVIER DA SILVEIRA;SOBREPESO;0;53;36;42;167
URG VII-VILA DE CAVA;E M AMERICA XAVIER DA SILVEIRA;OBESIDADE;0;47;31;53;172
URG VII-VILA DE CAVA;E M AMINTHAS PEREIRA;MAGREZA ACENTUADA;0;3;2;0;6
URG VII-VILA DE CAVA;E M AMINTHAS PEREIRA;MAGREZA;0;8;14;4;32
URG VII-VILA DE CAVA;E M AMINTHAS PEREIRA;NORMAL (EUTROFIA);0;149;183;159;637
URG VII-VILA DE CAVA;E M AMINTHAS PEREIRA;SOBREPESO;0;25;29;43;120
URG VII-VILA DE CAVA;E M AMINTHAS PEREIRA;OBESIDADE;0;16;27;26;94
URG VII-VILA DE CAVA;E M BARAO DO GUANDU;MAGREZA ACENTUADA;1;0;0;0;1
URG VII-VILA DE CAVA;E M BARAO DO GUANDU;MAGREZA;3;1;1;8;13
URG VII-VILA DE CAVA;E M BARAO DO GUANDU;NORMAL (EUTROFIA);76;36;56;61;229
URG VII-VILA DE CAVA;E M BARAO DO GUANDU;SOBREPESO;17;9;12;10;48
URG VII-VILA DE CAVA;E M BARAO DO GUANDU;OBESIDADE;18;8;14;5;45
URG VII-VILA DE CAVA;E M DR JUVENIL DE SOUZA LOPES;MAGREZA ACENTUADA;0;1;9;0;11
URG VII-VILA DE CAVA;E M DR JUVENIL DE SOUZA LOPES;MAGREZA;0;6;13;3;28
URG VII-VILA DE CAVA;E M DR JUVENIL DE SOUZA LOPES;NORMAL (EUTROFIA);0;105;93;99;426
URG VII-VILA DE CAVA;E M DR JUVENIL DE SOUZA LOPES;SOBREPESO;0;20;10;24;83
URG VII-VILA DE CAVA;E M DR JUVENIL DE SOUZA LOPES;OBESIDADE;0;13;13;12;52
URG VII-VILA DE CAVA;E M JOSÉ PACIFICO;MAGREZA ACENTUADA;0;3;9;13;25
URG VII-VILA DE CAVA;E M JOSÉ PACIFICO;MAGREZA;0;18;41;35;94
URG VII-VILA DE CAVA;E M JOSÉ PACIFICO;NORMAL (EUTROFIA);0;333;299;356;1048
URG VII-VILA DE CAVA;E M JOSÉ PACIFICO;SOBREPESO;0;70;64;71;231
URG VII-VILA DE CAVA;E M JOSÉ PACIFICO;OBESIDADE;0;52;57;56;187
URG VII-VILA DE CAVA;E M MARCILIO DIAS;MAGREZA ACENTUADA;0;6;7;4;17
URG VII-VILA DE CAVA;E M MARCILIO DIAS;MAGREZA;0;32;37;20;89
URG VII-VILA DE CAVA;E M MARCILIO DIAS;NORMAL (EUTROFIA);0;368;328;338;1034
URG VII-VILA DE CAVA;E M MARCILIO DIAS;SOBREPESO;0;75;58;64;197
URG VII-VILA DE CAVA;E M MARCILIO DIAS;OBESIDADE;0;32;30;37;99
URG VII-VILA DE CAVA;E M ORESTES BERNARDO CABRAL;MAGREZA ACENTUADA;0;8;4;1;13
URG VII-VILA DE CAVA;E M ORESTES BERNARDO CABRAL;MAGREZA;0;22;19;7;48
URG VII-VILA DE CAVA;E M ORESTES BERNARDO CABRAL;NORMAL (EUTROFIA);0;508;407;234;1149
URG VII-VILA DE CAVA;E M ORESTES BERNARDO CABRAL;SOBREPESO;0;79;88;52;219
URG VII-VILA DE CAVA;E M ORESTES BERNARDO CABRAL;OBESIDADE;0;48;55;56;159
URG VII-VILA DE CAVA;E M PROF IRENE DA SILVA OLIVEIRA;MAGREZA ACENTUADA;0;7;7;6;34
URG VII-VILA DE CAVA;E M PROF IRENE DA SILVA OLIVEIRA;MAGREZA;0;28;37;27;115
URG VII-VILA DE CAVA;E M PROF IRENE DA SILVA OLIVEIRA;NORMAL (EUTROFIA);0;420;271;280;1266
URG VII-VILA DE CAVA;E M PROF IRENE DA SILVA OLIVEIRA;SOBREPESO;0;81;45;67;252
URG VII-VILA DE CAVA;E M PROF IRENE DA SILVA OLIVEIRA;OBESIDADE;0;40;37;36;162
URG VII-VILA DE CAVA;E M PROF LUCIA HELENA DE LIMA;MAGREZA ACENTUADA;0;3;9;0;16
URG VII-VILA DE CAVA;E M PROF LUCIA HELENA DE LIMA;MAGREZA;0;19;20;10;67
URG VII-VILA DE CAVA;E M PROF LUCIA HELENA DE LIMA;NORMAL (EUTROFIA);0;250;255;243;979
URG VII-VILA DE CAVA;E M PROF LUCIA HELENA DE LIMA;SOBREPESO;0;37;47;66;189
URG VII-VILA DE CAVA;E M PROF LUCIA HELENA DE LIMA;OBESIDADE;0;11;41;30;104
URG VII-VILA DE CAVA;EMEI GLAUCO JOSE VAZ GONCALVES;MAGREZA ACENTUADA;0;0;0;2;2
URG VII-VILA DE CAVA;EMEI GLAUCO JOSE VAZ GONCALVES;MAGREZA;0;1;0;0;1
URG VII-VILA DE CAVA;EMEI GLAUCO JOSE VAZ GONCALVES;NORMAL (EUTROFIA);0;56;62;31;149
URG VII-VILA DE CAVA;EMEI GLAUCO JOSE VAZ GONCALVES;SOBREPESO;0;17;14;11;42
URG VII-VILA DE CAVA;EMEI GLAUCO JOSE VAZ GONCALVES;OBESIDADE;0;8;5;5;18
URG VII-VILA DE CAVA;IDRSH VIVENDO EM GRAÇAS;MAGREZA ACENTUADA;0;2;0;0;2
URG VII-VILA DE CAVA;IDRSH VIVENDO EM GRAÇAS;MAGREZA;0;4;0;0;4
URG VII-VILA DE CAVA;IDRSH VIVENDO EM GRAÇAS;NORMAL (EUTROFIA);0;30;0;0;30
URG VII-VILA DE CAVA;IDRSH VIVENDO EM GRAÇAS;SOBREPESO;0;10;0;0;10
URG VII-VILA DE CAVA;IDRSH VIVENDO EM GRAÇAS;OBESIDADE;0;5;0;0;5
URG V-KM 32;CIEP BRIZOLAO 033 ALFREDO DA ROCHA VIANA FILHO;MAGREZA ACENTUADA;0;4;17;12;33
URG V-KM 32;CIEP BRIZOLAO 033 ALFREDO DA ROCHA VIANA FILHO;MAGREZA;0;22;38;20;80
URG V-KM 32;CIEP BRIZOLAO 033 ALFREDO DA ROCHA VIANA FILHO;NORMAL (EUTROFIA);0;297;281;348;926
URG V-KM 32;CIEP BRIZOLAO 033 ALFREDO DA ROCHA VIANA FILHO;SOBREPESO;0;48;43;50;141
URG V-KM 32;CIEP BRIZOLAO 033 ALFREDO DA ROCHA VIANA FILHO;OBESIDADE;0;32;29;34;95
URG V-KM 32;CIEP BRIZOLAO 187 BENEDITO LARANJEIRAS;MAGREZA ACENTUADA;0;7;18;6;31
URG V-KM 32;CIEP BRIZOLAO 187 BENEDITO LARANJEIRAS;MAGREZA;0;17;42;22;81
URG V-KM 32;CIEP BRIZOLAO 187 BENEDITO LARANJEIRAS;NORMAL (EUTROFIA);0;276;285;312;873
URG V-KM 32;CIEP BRIZOLAO 187 BENEDITO LARANJEIRAS;SOBREPESO;0;47;49;49;145
URG V-KM 32;CIEP BRIZOLAO 187 BENEDITO LARANJEIRAS;OBESIDADE;0;30;26;42;98
URG V-KM 32;CIEP BRIZOLAO 325 AUSTREGESILO DE ATHAYDE;MAGREZA ACENTUADA;0;1;6;4;11
URG V-KM 32;CIEP BRIZOLAO 325 AUSTREGESILO DE ATHAYDE;MAGREZA;0;6;12;20;38
URG V-KM 32;CIEP BRIZOLAO 325 AUSTREGESILO DE ATHAYDE;NORMAL (EUTROFIA);0;175;210;201;586
URG V-KM 32;CIEP BRIZOLAO 325 AUSTREGESILO DE ATHAYDE;SOBREPESO;0;40;23;24;87
URG V-KM 32;CIEP BRIZOLAO 325 AUSTREGESILO DE ATHAYDE;OBESIDADE;0;31;46;27;104
URG V-KM 32;CIEP BRIZOLAO 360 PROF IARA SIMÃO VIEIRA;MAGREZA ACENTUADA;0;14;4;19;37
URG V-KM 32;CIEP BRIZOLAO 360 PROF IARA SIMÃO VIEIRA;MAGREZA;0;31;25;42;98
URG V-KM 32;CIEP BRIZOLAO 360 PROF IARA SIMÃO VIEIRA;NORMAL (EUTROFIA);0;337;332;399;1068
URG V-KM 32;CIEP BRIZOLAO 360 PROF IARA SIMÃO VIEIRA;SOBREPESO;0;77;64;57;198
URG V-KM 32;CIEP BRIZOLAO 360 PROF IARA SIMÃO VIEIRA;OBESIDADE;0;40;33;30;103
URG V-KM 32;CIEP BRIZOLAO 373 BRIGADEIRO TEIXEIRA;MAGREZA ACENTUADA;0;7;2;4;13
URG V-KM 32;CIEP BRIZOLAO 373 BRIGADEIRO TEIXEIRA;MAGREZA;0;23;13;18;54
URG V-KM 32;CIEP BRIZOLAO 373 BRIGADEIRO TEIXEIRA;NORMAL (EUTROFIA);0;320;261;220;801
URG V-KM 32;CIEP BRIZOLAO 373 BRIGADEIRO TEIXEIRA;SOBREPESO;0;42;40;37;119
URG V-KM 32;CIEP BRIZOLAO 373 BRIGADEIRO TEIXEIRA;OBESIDADE;0;38;40;27;105
URG V-KM 32;E M ALFREDO JOSE SOARES;MAGREZA ACENTUADA;0;4;0;3;7
URG V-KM 32;E M ALFREDO JOSE SOARES;MAGREZA;0;3;1;17;21
URG V-KM 32;E M ALFREDO JOSE SOARES;NORMAL (EUTROFIA);0;205;177;193;575
URG V-KM 32;E M ALFREDO JOSE SOARES;SOBREPESO;0;30;66;31;127
URG V-KM 32;E M ALFREDO JOSE SOARES;OBESIDADE;0;34;50;34;118
URG V-KM 32;E M ALFREDO PEREIRA DE MAGALHAES;MAGREZA ACENTUADA;0;176;3;13;192
URG V-KM 32;E M ALFREDO PEREIRA DE MAGALHAES;MAGREZA;0;31;20;41;92
URG V-KM 32;E M ALFREDO PEREIRA DE MAGALHAES;NORMAL (EUTROFIA);0;325;440;460;1225
URG V-KM 32;E M ALFREDO PEREIRA DE MAGALHAES;SOBREPESO;0;83;105;98;286
URG V-KM 32;E M ALFREDO PEREIRA DE MAGALHAES;OBESIDADE;0;71;108;81;260
URG V-KM 32;E M ERYK DA CRUZ LAIA;MAGREZA ACENTUADA;0;7;6;6;19
URG V-KM 32;E M ERYK DA CRUZ LAIA;MAGREZA;0;15;5;9;29
URG V-KM 32;E M ERYK DA CRUZ LAIA;NORMAL (EUTROFIA);0;326;237;245;808
URG V-KM 32;E M ERYK DA CRUZ LAIA;SOBREPESO;0;78;54;63;195
URG V-KM 32;E M ERYK DA CRUZ LAIA;OBESIDADE;0;56;58;55;169
URG V-KM 32;E M JOSE REIS;MAGREZA ACENTUADA;0;5;0;1;6
URG V-KM 32;E M JOSE REIS;MAGREZA;0;17;8;10;35
URG V-KM 32;E M JOSE REIS;NORMAL (EUTROFIA);0;264;234;214;712
URG V-KM 32;E M JOSE REIS;SOBREPESO;0;44;58;44;146
URG V-KM 32;E M JOSE REIS;OBESIDADE;0;45;55;49;149
URG V-KM 32;E M PERA FLOR;MAGREZA ACENTUADA;0;20;11;9;40
URG V-KM 32;E M PERA FLOR;MAGREZA;0;34;30;21;85
URG V-KM 32;E M PERA FLOR;NORMAL (EUTROFIA);0;467;488;485;1440
URG V-KM 32;E M PERA FLOR;SOBREPESO;0;105;102;112;319
URG V-KM 32;E M PERA FLOR;OBESIDADE;0;81;81;93;255
URG V-KM 32;E M PROF AIMEE CARREIRO FIGUEIREDO;MAGREZA ACENTUADA;0;102;2;4;108
URG V-KM 32;E M PROF AIMEE CARREIRO FIGUEIREDO;MAGREZA;0;3;4;11;18
URG V-KM 32;E M PROF AIMEE CARREIRO FIGUEIREDO;NORMAL (EUTROFIA);0;120;141;182;443
URG V-KM 32;E M PROF AIMEE CARREIRO FIGUEIREDO;SOBREPESO;0;19;46;42;107
URG V-KM 32;E M PROF AIMEE CARREIRO FIGUEIREDO;OBESIDADE;0;27;39;25;91
URG V-KM 32;E M PROF CREUZA ALARCAO SOBRAL;MAGREZA ACENTUADA;0;3;10;3;16
URG V-KM 32;E M PROF CREUZA ALARCAO SOBRAL;MAGREZA;0;13;27;6;46
URG V-KM 32;E M PROF CREUZA ALARCAO SOBRAL;NORMAL (EUTROFIA);0;206;198;217;621
URG V-KM 32;E M PROF CREUZA ALARCAO SOBRAL;SOBREPESO;0;33;32;60;125
URG V-KM 32;E M PROF CREUZA ALARCAO SOBRAL;OBESIDADE;0;26;24;32;82
URG V-KM 32;E M PROF LEONARDO CARIELO DE ALMEIDA;MAGREZA ACENTUADA;0;5;5;1;11
URG V-KM 32;E M PROF LEONARDO CARIELO DE ALMEIDA;MAGREZA;0;22;32;23;77
URG V-KM 32;E M PROF LEONARDO CARIELO DE ALMEIDA;NORMAL (EUTROFIA);0;269;273;325;867
URG V-KM 32;E M PROF LEONARDO CARIELO DE ALMEIDA;SOBREPESO;0;45;42;52;139
URG V-KM 32;E M PROF LEONARDO CARIELO DE ALMEIDA;OBESIDADE;0;34;36;50;120
URG V-KM 32;E M PROF MARLY TUPACINUNGA DE MATTOS;MAGREZA ACENTUADA;0;186;3;5;194
URG V-KM 32;E M PROF MARLY TUPACINUNGA DE MATTOS;MAGREZA;0;3;12;26;41
URG V-KM 32;E M PROF MARLY TUPACINUNGA DE MATTOS;NORMAL (EUTROFIA);0;140;240;270;650
URG V-KM 32;E M PROF MARLY TUPACINUNGA DE MATTOS;SOBREPESO;0;19;59;70;148
URG V-KM 32;E M PROF MARLY TUPACINUNGA DE MATTOS;OBESIDADE;0;27;51;45;123
URG V-KM 32;E M PROF PRISCILLA BOUCAS VILLA NOVA;MAGREZA ACENTUADA;0;2;5;5;12
URG V-KM 32;E M PROF PRISCILLA BOUCAS VILLA NOVA;MAGREZA;0;17;16;17;50
URG V-KM 32;E M PROF PRISCILLA BOUCAS VILLA NOVA;NORMAL (EUTROFIA);0;228;240;290;758
URG V-KM 32;E M PROF PRISCILLA BOUCAS VILLA NOVA;SOBREPESO;0;49;53;59;161
URG V-KM 32;E M PROF PRISCILLA BOUCAS VILLA NOVA;OBESIDADE;0;55;36;51;142
URG V-KM 32;E M SHANGRI LA;MAGREZA ACENTUADA;0;3;0;0;3
URG V-KM 32;E M SHANGRI LA;MAGREZA;0;10;6;2;18
URG V-KM 32;E M SHANGRI LA;NORMAL (EUTROFIA);0;210;170;110;490
URG V-KM 32;E M SHANGRI LA;SOBREPESO;0;41;39;56;136
URG V-KM 32;E M SHANGRI LA;OBESIDADE;0;25;29;44;98
URG V-KM 32;E M VILA JOAO CORREA;MAGREZA ACENTUADA;0;12;11;4;27
URG V-KM 32;E M VILA JOAO CORREA;MAGREZA;0;17;20;12;49
URG V-KM 32;E M VILA JOAO CORREA;NORMAL (EUTROFIA);0;284;266;299;849
URG V-KM 32;E M VILA JOAO CORREA;SOBREPESO;0;58;41;55;154
URG V-KM 32;E M VILA JOAO CORREA;OBESIDADE;0;41;30;49;120
URG V-KM 32;EMEI HELIO MONTEZANO DE OLIVEIRA;MAGREZA ACENTUADA;0;1;5;1;7
URG V-KM 32;EMEI HELIO MONTEZANO DE OLIVEIRA;MAGREZA;0;0;6;1;7
URG V-KM 32;EMEI HELIO MONTEZANO DE OLIVEIRA;NORMAL (EUTROFIA);0;59;59;45;163
URG V-KM 32;EMEI HELIO MONTEZANO DE OLIVEIRA;SOBREPESO;0;24;7;13;44
URG V-KM 32;EMEI HELIO MONTEZANO DE OLIVEIRA;OBESIDADE;0;3;3;5;11
URG V-KM 32;EMEI JARDIM EUROPA;MAGREZA ACENTUADA;0;10;2;1;13
URG V-KM 32;EMEI JARDIM EUROPA;MAGREZA;0;5;9;0;14
URG V-KM 32;EMEI JARDIM EUROPA;NORMAL (EUTROFIA);0;52;70;26;148
URG V-KM 32;EMEI JARDIM EUROPA;SOBREPESO;0;13;7;12;32
URG V-KM 32;EMEI JARDIM EUROPA;OBESIDADE;0;13;5;9;27
URG V-KM 32;EMEI NISIA SOUZA MARCONDES;MAGREZA ACENTUADA;0;0;2;0;2
URG V-KM 32;EMEI NISIA SOUZA MARCONDES;MAGREZA;0;3;7;2;12
URG V-KM 32;EMEI NISIA SOUZA MARCONDES;NORMAL (EUTROFIA);0;47;40;57;144
URG V-KM 32;EMEI NISIA SOUZA MARCONDES;SOBREPESO;0;9;6;10;25
URG V-KM 32;EMEI NISIA SOUZA MARCONDES;OBESIDADE;0;8;3;9;20
URG V-KM 32;EMEI PATRICIA M GASPAR SOMMA PEREIRA;MAGREZA ACENTUADA;0;1;2;0;3
URG V-KM 32;EMEI PATRICIA M GASPAR SOMMA PEREIRA;MAGREZA;0;1;1;0;2
URG V-KM 32;EMEI PATRICIA M GASPAR SOMMA PEREIRA;NORMAL (EUTROFIA);0;47;36;22;105
URG V-KM 32;EMEI PATRICIA M GASPAR SOMMA PEREIRA;SOBREPESO;0;15;6;6;27
URG V-KM 32;EMEI PATRICIA M GASPAR SOMMA PEREIRA;OBESIDADE;0;7;2;2;11
