Ano;IdUrg;URG;Escola;DtInicio;DtFechamento;QtdAlunoEscola;QtdAluno;QtdProfessor;QtdPsicologo;QtdAssistSocial;QtdEnfermagem;QtdMedico;QtdVacinacao;QtdVacina;QtdEncaminhamento;QtdExame
2022;1;URG I-CENTRO;CAIESP CASTORINA FARIA LIMA;null;null;496;0;0;0;0;0;0;0;0;0;0
2022;1;URG I-CENTRO;CRECHE MUNICIPAL PROF. MARIA APARECIDA DE SOUZA;null;null;55;0;0;0;0;0;0;0;0;0;0
2022;1;URG I-CENTRO;CRECHE MUNICIPAL PROF. MARIA LUZIANA RODRIGUES CHAVES;null;null;41;0;0;0;0;0;0;0;0;0;0
2022;1;URG I-CENTRO;E M CAPISTRANO DE ABREU;null;null;297;0;0;0;0;0;0;0;0;0;0
2022;1;URG I-CENTRO;E M CAPITÃO SILVINO AZEREDO;null;null;240;0;0;0;0;0;0;0;0;0;0
2022;1;URG I-CENTRO;E M DR RUBENS FALCAO;null;null;393;0;0;0;0;0;0;0;0;0;0
2022;1;URG I-CENTRO;E M DR THIBAU;null;null;175;0;0;0;0;0;0;0;0;0;0
2022;1;URG I-CENTRO;E M ENGENHO PEQUENO;null;null;382;0;0;0;0;0;0;0;0;0;0
2022;1;URG I-CENTRO;E M FRANCA CARVALHO;null;null;533;0;0;0;0;0;0;0;0;0;0
2022;1;URG I-CENTRO;E M HEITOR DANTAS;null;null;247;0;0;0;0;0;0;0;0;0;0
2022;1;URG I-CENTRO;E M JANICI FERREIRA MAIA ;null;null;400;0;0;0;0;0;0;0;0;0;0
2022;1;URG I-CENTRO;E M JULIO RABELLO GUIMARAES;null;null;524;0;0;0;0;0;0;0;0;0;0
2022;1;URG I-CENTRO;E M MANOEL JOAO GONCALVES;null;null;166;0;0;0;0;0;0;0;0;0;0
2022;1;URG I-CENTRO;E M MARECHAL MASCARENHAS DE MORAES;null;null;393;0;0;0;0;0;0;0;0;0;0
2022;1;URG I-CENTRO;E M MENINOS DE DEUS;null;null;338;0;0;0;0;0;0;0;0;0;0
2022;1;URG I-CENTRO;E M MONTEIRO LOBATO;null;null;1287;0;0;0;0;0;0;0;0;0;0
2022;1;URG I-CENTRO;E M PADRE AGOSTINHO PRETTO;null;null;410;0;0;0;0;0;0;0;0;0;0
2022;1;URG I-CENTRO;E M PROF AMAZOR VIEIRA BORGES;null;null;681;0;0;0;0;0;0;0;0;0;0
2022;1;URG I-CENTRO;E M PROF EMILIO LUIZ PEDROSO ARAUJO;null;null;445;0;0;0;0;0;0;0;0;0;0
2022;1;URG I-CENTRO;E M PROF IZABEL DOS SANTOS SOARES MELLO;null;null;175;0;0;0;0;0;0;0;0;0;0
2022;1;URG I-CENTRO;E M PROF ORNELIA LIPPI ASSUMPCAO;null;null;154;0;0;0;0;0;0;0;0;0;0
2022;1;URG I-CENTRO;E M PROF OSIRES NEVES;null;null;752;0;0;0;0;0;0;0;0;0;0
2022;1;URG I-CENTRO;E M PROF PAULO FREIRE;14/10/2022;17/10/2022;112;48;38;42;43;46;19;11;15;7;2
2022;1;URG I-CENTRO;E M PROF RUY DE QUEIROZ;null;null;237;0;0;0;0;0;0;0;0;0;0
2022;1;URG I-CENTRO;E.M PROF EDIVALDO BARROS DE OLIVEIRA;null;null;39;0;0;0;0;0;0;0;0;0;0
2022;1;URG I-CENTRO;EMEI JESUS BOM PASTOR;03/10/2022;04/10/2022;106;66;49;54;51;53;48;37;46;0;0
2022;1;URG I-CENTRO;EMEI SAO BENEDITO;null;null;195;0;0;0;0;0;0;0;0;0;0
2022;2;URG II-POSSE;C M E E ESPECIAL PAUL HARRIS;16/11/2022;30/11/2022;310;213;166;164;155;188;143;86;112;67;47
2022;2;URG II-POSSE;CIEP BRIZOLAO 099 DR BOLIVARD GOMES DE ASSUMPCAO;04/10/2022;01/11/2022;658;533;308;404;447;429;119;104;150;0;0
2022;2;URG II-POSSE;E M DOUGLAS BRASIL;07/11/2022;06/12/2022;985;749;528;605;624;644;287;197;345;170;103
2022;2;URG II-POSSE;E M DR ORLANDO MELLO;18/10/2022;21/10/2022;881;711;564;603;601;624;341;250;434;163;112
2022;2;URG II-POSSE;E M ESTANISLAU RIBEIRO DO AMARAL;20/09/2022;22/09/2022;847;561;333;433;365;391;174;107;168;0;0
2022;2;URG II-POSSE;E M GUINLE;29/09/2022;29/09/2022;169;168;114;166;84;91;61;43;60;0;0
2022;2;URG II-POSSE;E M HERBERT MOSES;14/09/2022;19/09/2022;503;402;253;384;192;300;143;78;110;0;0
2022;2;URG II-POSSE;E M LUIZ DE LEMOS;11/10/2022;17/10/2022;468;336;304;319;315;320;192;120;210;93;68
2022;2;URG II-POSSE;E M MARIA ELIONDAS DOS SANTOS;12/09/2022;13/09/2022;123;108;42;89;55;89;6;1;3;0;0
2022;2;URG II-POSSE;E M PRESIDENTE GETULIO DORNELLES VARGAS;07/10/2022;19/10/2022;326;247;226;231;228;233;126;102;145;25;34
2022;2;URG II-POSSE;E M PROF CLAUDIA MARIA SALLES MONTEIRO DA SILVA;28/09/2022;28/09/2022;166;148;114;144;113;119;83;51;61;0;0
2022;2;URG II-POSSE;E M PROF THEREZINHA DA SILVA XAVIER;24/10/2022;25/10/2022;302;252;224;231;222;230;109;72;119;60;33
2022;2;URG II-POSSE;E M SAO BENEDITO;31/10/2022;06/12/2022;401;322;284;267;274;292;221;123;190;87;75
2022;2;URG II-POSSE;E M TABELIÃO MURILO COSTA;27/01/2022;27/01/2022;425;360;302;292;274;318;227;142;174;0;0
2022;2;URG II-POSSE;E M VEREADOR HELCIO CHAMBARELLI;26/10/2022;27/10/2022;401;360;339;321;321;320;197;149;266;123;80
2022;2;URG II-POSSE;E M VIRGILIO DE MELO FRANCO;03/11/2022;08/11/2022;274;236;173;227;219;228;177;117;200;52;35
2022;2;URG II-POSSE;EMEI JOSE VIEIRA JESUS;13/09/2022;13/09/2022;102;70;60;61;53;60;54;19;27;0;0
2022;3;URG III-COMENDADOR SOARES;CIEP BRIZOLAO 071 MAXIMIANO RIBEIRO DA SILVA;null;null;642;0;0;0;0;0;0;0;0;0;0
2022;3;URG III-COMENDADOR SOARES;E M ARMANDO PIRES;null;null;485;0;0;0;0;0;0;0;0;0;0
2022;3;URG III-COMENDADOR SOARES;E M COMPACTOR;null;null;287;0;0;0;0;0;0;0;0;0;0
2022;3;URG III-COMENDADOR SOARES;E M DOM ADRIANO HIPOLITO;null;null;457;0;0;0;0;0;0;0;0;0;0
2022;3;URG III-COMENDADOR SOARES;E M IVONETE DOS SANTOS ALVES;null;null;463;0;0;0;0;0;0;0;0;0;0
2022;3;URG III-COMENDADOR SOARES;E M JOSE RIBEIRO GUIMARAES;null;null;498;0;0;0;0;0;0;0;0;0;0
2022;3;URG III-COMENDADOR SOARES;E M MARINETE CAVALCANTE DE OLIVEIRA;null;null;438;0;0;0;0;0;0;0;0;0;0
2022;3;URG III-COMENDADOR SOARES;E M NICANOR GONCALVES PEREIRA;null;null;501;0;0;0;0;0;0;0;0;0;0
2022;3;URG III-COMENDADOR SOARES;E M PROF IRAMAR DA COSTA LIMA MIGUEL;null;null;949;0;0;0;0;0;0;0;0;0;0
2022;3;URG III-COMENDADOR SOARES;E M SOUZA E MELLO;null;null;705;0;0;0;0;0;0;0;0;0;0
2022;3;URG III-COMENDADOR SOARES;EMEI RODRIGO TWARDOWSKY ALVES;null;null;151;0;0;0;0;0;0;0;0;0;0
2022;4;URG IV-CABUÇU;E M ABILIO RIBEIRO;null;null;534;0;0;0;0;0;0;0;0;0;0
2022;4;URG IV-CABUÇU;E M CAMPO ALEGRE;null;null;72;0;0;0;0;0;0;0;0;0;0
2022;4;URG IV-CABUÇU;E M CHAER KAZEN KALAOUN;null;null;655;0;0;0;0;0;0;0;0;0;0
2022;4;URG IV-CABUÇU;E M DARCILIO AYRES RAUNHEITTI;null;null;1268;0;0;0;0;0;0;0;0;0;0
2022;4;URG IV-CABUÇU;E M DR JOSE FROES MACHADO;null;null;831;0;0;0;0;0;0;0;0;0;0
2022;4;URG IV-CABUÇU;E M DR RUY BERCOT DE MATTOS;null;null;372;0;0;0;0;0;0;0;0;0;0
2022;4;URG IV-CABUÇU;E M FRANCISCO DE OLIVEIRA;null;null;371;0;0;0;0;0;0;0;0;0;0
2022;4;URG IV-CABUÇU;E M IVANI VIGNE BABO;null;null;610;0;0;0;0;0;0;0;0;0;0
2022;4;URG IV-CABUÇU;E M JARDIM NOVA ERA;null;null;495;0;0;0;0;0;0;0;0;0;0
2022;4;URG IV-CABUÇU;E M PROF DULCE DE MOURA RAUNHEITTI RIBEIRO;null;null;304;0;0;0;0;0;0;0;0;0;0
2022;4;URG IV-CABUÇU;E M PROF EDNA UMBELINA DE SANT ANNA DA SILVA;null;null;704;0;0;0;0;0;0;0;0;0;0
2022;4;URG IV-CABUÇU;E M PROF ELIANA DE SOUZA PAPALEO MOURA ;null;null;222;0;0;0;0;0;0;0;0;0;0
2022;4;URG IV-CABUÇU;E M PROF JOAQUIM DE FREITAS;null;null;359;0;0;0;0;0;0;0;0;0;0
2022;4;URG IV-CABUÇU;E M PROF LEOPOLDINA MACHADO BARBOSA DE BARROS;null;null;458;0;0;0;0;0;0;0;0;0;0
2022;4;URG IV-CABUÇU;E M PROF MARIA CANDIDA SOBREIRA VIANNA;null;null;398;0;0;0;0;0;0;0;0;0;0
2022;4;URG IV-CABUÇU;E M PROF NABOR OTHUKI;null;null;564;0;0;0;0;0;0;0;0;0;0
2022;4;URG IV-CABUÇU;E M PROF NEWTON GONCALVES DE BARROS;null;null;520;0;0;0;0;0;0;0;0;0;0
2022;4;URG IV-CABUÇU;E M TRES MARIAS;null;null;809;0;0;0;0;0;0;0;0;0;0
2022;4;URG IV-CABUÇU;E M VISCONDE DE ITABORAI;null;null;190;0;0;0;0;0;0;0;0;0;0
2022;4;URG IV-CABUÇU;EMEI LEILA MARIA CÔRTES SAMPAIO;null;null;149;0;0;0;0;0;0;0;0;0;0
2022;4;URG IV-CABUÇU;EMEI MONTE SOL;null;null;102;0;0;0;0;0;0;0;0;0;0
2022;4;URG IV-CABUÇU;EMEI NOVA ERA;null;null;191;0;0;0;0;0;0;0;0;0;0
2022;5;URG V-KM 32;CIEP BRIZOLAO 033 ALFREDO DA ROCHA VIANA FILHO;null;null;761;0;0;0;0;0;0;0;0;0;0
2022;5;URG V-KM 32;CIEP BRIZOLAO 187 BENEDITO LARANJEIRAS;null;null;564;0;0;0;0;0;0;0;0;0;0
2022;5;URG V-KM 32;CIEP BRIZOLAO 325 AUSTREGESILO DE ATHAYDE;null;null;463;0;0;0;0;0;0;0;0;0;0
2022;5;URG V-KM 32;CIEP BRIZOLAO 360 PROF IARA SIMÃO VIEIRA;null;null;1061;0;0;0;0;0;0;0;0;0;0
2022;5;URG V-KM 32;CIEP BRIZOLAO 373 BRIGADEIRO TEIXEIRA;null;null;673;0;0;0;0;0;0;0;0;0;0
2022;5;URG V-KM 32;E M ALFREDO JOSE SOARES;null;null;369;0;0;0;0;0;0;0;0;0;0
2022;5;URG V-KM 32;E M ALFREDO PEREIRA DE MAGALHAES;null;null;996;0;0;0;0;0;0;0;0;0;0
2022;5;URG V-KM 32;E M ERYK DA CRUZ LAIA;null;null;546;0;0;0;0;0;0;0;0;0;0
2022;5;URG V-KM 32;E M JOSE REIS;null;null;506;0;0;0;0;0;0;0;0;0;0
2022;5;URG V-KM 32;E M PERA FLOR;null;null;980;0;0;0;0;0;0;0;0;0;0
2022;5;URG V-KM 32;E M PROF AIMEE CARREIRO FIGUEIREDO;null;null;367;0;0;0;0;0;0;0;0;0;0
2022;5;URG V-KM 32;E M PROF CREUZA ALARCAO SOBRAL;null;null;363;0;0;0;0;0;0;0;0;0;0
2022;5;URG V-KM 32;E M PROF LEONARDO CARIELO DE ALMEIDA;null;null;621;0;0;0;0;0;0;0;0;0;0
2022;5;URG V-KM 32;E M PROF MARLY TUPACINUNGA DE MATTOS;null;null;510;0;0;0;0;0;0;0;0;0;0
2022;5;URG V-KM 32;E M PROF PRISCILLA BOUCAS VILLA NOVA;null;null;489;0;0;0;0;0;0;0;0;0;0
2022;5;URG V-KM 32;E M SHANGRI LA;null;null;360;0;0;0;0;0;0;0;0;0;0
2022;5;URG V-KM 32;E M VILA JOAO CORREA;null;null;510;0;0;0;0;0;0;0;0;0;0
2022;5;URG V-KM 32;EMEI HELIO MONTEZANO DE OLIVEIRA;null;null;108;0;0;0;0;0;0;0;0;0;0
2022;5;URG V-KM 32;EMEI JARDIM EUROPA;null;null;105;0;0;0;0;0;0;0;0;0;0
2022;5;URG V-KM 32;EMEI NISIA SOUZA MARCONDES;null;null;104;0;0;0;0;0;0;0;0;0;0
2022;5;URG V-KM 32;EMEI PATRICIA M GASPAR SOMMA PEREIRA;null;null;69;0;0;0;0;0;0;0;0;0;0
2022;6;URG VI-AUSTIN;E M ALTHAIR PIMENTA DE MORAES;null;null;806;0;0;0;0;0;0;0;0;0;0
2022;6;URG VI-AUSTIN;E M DR JOSE BRIGAGAO FERREIRA;null;null;290;0;0;0;0;0;0;0;0;0;0
2022;6;URG VI-AUSTIN;E M DR ODIR ARAUJO;null;null;227;0;0;0;0;0;0;0;0;0;0
2022;6;URG VI-AUSTIN;E M GOVERNADOR LEONEL DE MOURA BRIZOLA;null;null;1349;0;0;0;0;0;0;0;0;0;0
2022;6;URG VI-AUSTIN;E M JOSE DE ANCHIETA;null;null;273;0;0;0;0;0;0;0;0;0;0
2022;6;URG VI-AUSTIN;E M JOSE LUIZ DA SILVA;null;null;426;0;0;0;0;0;0;0;0;0;0
2022;6;URG VI-AUSTIN;E M KERMA MOREIRA FRANCO;null;null;838;0;0;0;0;0;0;0;0;0;0
2022;6;URG VI-AUSTIN;E M NENA RODRIGUES;null;null;290;0;0;0;0;0;0;0;0;0;0
2022;6;URG VI-AUSTIN;E M PROF ENILZA BARROS DOS SANTOS CHICONELLI;null;null;1309;0;0;0;0;0;0;0;0;0;0
2022;6;URG VI-AUSTIN;E M PROF FRANKLIN BOLIVAR FERNANDES;null;null;526;0;0;0;0;0;0;0;0;0;0
2022;6;URG VI-AUSTIN;E M PROF MARCIO CAULINO SOARES;null;null;790;0;0;0;0;0;0;0;0;0;0
2022;6;URG VI-AUSTIN;E M RUI BARBOSA;null;null;427;0;0;0;0;0;0;0;0;0;0
2022;6;URG VI-AUSTIN;E M WALFREDO DA SILVA LESSA;null;null;860;0;0;0;0;0;0;0;0;0;0
2022;6;URG VI-AUSTIN;EMEI OLGA CELESTINA GILIBERTI ALMEIDA;null;null;151;0;0;0;0;0;0;0;0;0;0
2022;6;URG VI-AUSTIN;EMEI VILA SAO MIGUEL;null;null;81;0;0;0;0;0;0;0;0;0;0
2022;7;URG VII-VILA DE CAVA;CRECHE MUNICIPAL PROF. DENISE FERNANDES DA SILVA PAULINO;null;null;39;0;0;0;0;0;0;0;0;0;0
2022;7;URG VII-VILA DE CAVA;E M ADRIANOPOLIS;21/11/2022;30/11/2022;139;96;82;87;91;92;42;14;23;21;15
2022;7;URG VII-VILA DE CAVA;E M AMERICA XAVIER DA SILVEIRA;null;null;641;0;0;0;0;0;0;0;0;0;0
2022;7;URG VII-VILA DE CAVA;E M AMINTHAS PEREIRA;null;null;309;0;0;0;0;0;0;0;0;0;0
2022;7;URG VII-VILA DE CAVA;E M BARAO DO GUANDU;01/12/2022;13/12/2022;161;128;26;60;98;115;78;30;48;19;32
2022;7;URG VII-VILA DE CAVA;E M DR JUVENIL DE SOUZA LOPES;null;null;204;0;0;0;0;0;0;0;0;0;0
2022;7;URG VII-VILA DE CAVA;E M JOSÉ PACIFICO;null;null;571;0;0;0;0;0;0;0;0;0;0
2022;7;URG VII-VILA DE CAVA;E M MARCILIO DIAS;null;null;1012;0;0;0;0;0;0;0;0;0;0
2022;7;URG VII-VILA DE CAVA;E M ORESTES BERNARDO CABRAL;null;null;868;0;0;0;0;0;0;0;0;0;0
2022;7;URG VII-VILA DE CAVA;E M PROF IRENE DA SILVA OLIVEIRA;null;null;891;0;0;0;0;0;0;0;0;0;0
2022;7;URG VII-VILA DE CAVA;E M PROF LUCIA HELENA DE LIMA;null;null;430;0;0;0;0;0;0;0;0;0;0
2022;7;URG VII-VILA DE CAVA;EMEI GLAUCO JOSE VAZ GONCALVES;null;null;105;0;0;0;0;0;0;0;0;0;0
2022;8;URG VIII-MIGUEL COUTO;E M ANTONIO PINHEIRO GUIMARAES VICTORY;null;null;364;0;0;0;0;0;0;0;0;0;0
2022;8;URG VIII-MIGUEL COUTO;E M AYRTON SENNA;null;null;624;0;0;0;0;0;0;0;0;0;0
2022;8;URG VIII-MIGUEL COUTO;E M FLOR DE LIS;null;null;427;0;0;0;0;0;0;0;0;0;0
2022;8;URG VIII-MIGUEL COUTO;E M JANIR CLEMENTINO PEREIRA;null;null;952;0;0;0;0;0;0;0;0;0;0
2022;8;URG VIII-MIGUEL COUTO;E M PAULO ROBERTO FIORENZANO ARAUJO;null;null;429;0;0;0;0;0;0;0;0;0;0
2022;8;URG VIII-MIGUEL COUTO;E M PROF ANNA MARIA RAMALHO;null;null;646;0;0;0;0;0;0;0;0;0;0
2022;8;URG VIII-MIGUEL COUTO;E M PROF DARCY RIBEIRO;null;null;646;0;0;0;0;0;0;0;0;0;0
2022;8;URG VIII-MIGUEL COUTO;E M PROF HAULER DA SILVA FERREIRA;null;null;290;0;0;0;0;0;0;0;0;0;0
2022;8;URG VIII-MIGUEL COUTO;E M PROF RUY AFRANIO PEIXOTO;null;null;666;0;0;0;0;0;0;0;0;0;0
2022;8;URG VIII-MIGUEL COUTO;E M SAO MIGUEL ARCANJO;null;null;796;0;0;0;0;0;0;0;0;0;0
2022;8;URG VIII-MIGUEL COUTO;EMEI AMBAI;null;null;94;0;0;0;0;0;0;0;0;0;0
2022;8;URG VIII-MIGUEL COUTO;EMEI CASA DA CRIANCA DE MIGUEL COUTO;null;null;87;0;0;0;0;0;0;0;0;0;0
2022;9;URG IX-TINGUA;E M BARAO DE TINGUA;29/11/2022;14/12/2022;409;357;311;338;326;337;107;3;3;56;36
2022;9;URG IX-TINGUA;E M DE JACERUBA;22/11/2022;22/11/2022;159;131;123;126;125;126;58;22;33;16;11
2022;9;URG IX-TINGUA;E M JARDIM MONTEVIDEO;05/12/2022;06/12/2022;142;91;79;68;83;85;53;24;41;23;32
2022;9;URG IX-TINGUA;E M PROF LUCIA VIANA CAPELLI;08/12/2022;13/12/2022;368;160;94;124;125;118;64;39;63;40;28
2022;9;URG IX-TINGUA;E M PROF THEREZINHA DE JESUS ARAUJO HERMIDA;06/12/2022;07/12/2022;337;269;191;229;229;201;110;54;93;66;51
2022;9;URG IX-TINGUA;E M VALE DO TINGUA;24/11/2022;13/12/2022;162;78;0;42;49;69;31;18;25;31;23
2022;9;URG IX-TINGUA;EMEI TERRA DE MARAMBAIA;23/11/2022;30/11/2022;58;42;40;34;40;38;38;10;15;22;21
2023;1;URG I-CENTRO;ASSOCIAÇÃO CRESCENDO COM CRISTO;28/04/2023;28/04/2023;41;31;30;30;30;31;24;24;24;0;0
2023;1;URG I-CENTRO;CRECHE MUNICIPAL PROF. MARIA APARECIDA DE SOUZA;19/09/2023;19/09/2023;48;42;41;37;37;37;30;11;12;30;12
2023;1;URG I-CENTRO;CRECHE MUNICIPAL PROF. MARIA LUZIANA RODRIGUES CHAVES;20/09/2023;20/09/2023;78;61;55;54;54;55;43;30;38;16;13
2023;1;URG I-CENTRO;E M CAPISTRANO DE ABREU;30/10/2023;31/10/2023;321;312;310;243;243;247;188;44;56;56;69
2023;1;URG I-CENTRO;E M CAPITÃO SILVINO AZEREDO;20/10/2023;20/10/2023;198;128;117;115;110;63;39;32;43;7;12
2023;1;URG I-CENTRO;E M DR RUBENS FALCAO;23/10/2023;24/10/2023;395;339;327;322;318;319;179;108;125;76;40
2023;1;URG I-CENTRO;E M DR THIBAU;05/10/2023;06/10/2023;171;126;115;113;109;117;95;62;70;4;7
2023;1;URG I-CENTRO;E M ENGENHO PEQUENO;26/10/2023;27/10/2023;341;333;325;188;246;265;212;132;157;31;24
2023;1;URG I-CENTRO;E M FRANCA CARVALHO;30/10/2023;13/11/2023;531;411;367;368;367;370;178;129;149;46;32
2023;1;URG I-CENTRO;E M HEITOR DANTAS;19/10/2023;19/10/2023;243;189;181;170;172;179;92;41;51;13;9
2023;1;URG I-CENTRO;E M JANICI FERREIRA MAIA ;08/11/2023;09/11/2023;384;302;254;256;260;265;206;103;132;45;32
2023;1;URG I-CENTRO;E M JULIO RABELLO GUIMARAES;14/11/2023;17/11/2023;542;380;360;130;338;345;155;98;128;29;26
2023;1;URG I-CENTRO;E M MANOEL JOAO GONCALVES;01/11/2023;01/11/2023;163;118;98;98;105;106;93;58;74;46;28
2023;1;URG I-CENTRO;E M MARECHAL MASCARENHAS DE MORAES;06/11/2023;06/11/2023;394;366;361;277;280;272;164;41;43;67;64
2023;1;URG I-CENTRO;E M MENINOS DE DEUS;17/11/2023;17/11/2023;637;227;156;171;173;167;76;44;63;19;12
2023;1;URG I-CENTRO;E M MONTEIRO LOBATO;23/10/2023;27/10/2023;1038;843;794;729;773;742;301;152;202;79;65
2023;1;URG I-CENTRO;E M PADRE AGOSTINHO PRETTO;08/11/2023;09/11/2023;451;333;208;301;304;305;177;81;103;25;35
2023;1;URG I-CENTRO;E M PROF AMAZOR VIEIRA BORGES;06/11/2023;07/11/2023;656;508;480;467;462;469;208;141;192;68;52
2023;1;URG I-CENTRO;E M PROF EMILIO LUIZ PEDROSO ARAUJO;17/11/2023;21/11/2023;302;213;206;195;195;203;125;67;74;13;15
2023;1;URG I-CENTRO;E M PROF IZABEL DOS SANTOS SOARES MELLO;18/10/2023;18/10/2023;174;159;155;151;150;146;76;45;51;0;0
2023;1;URG I-CENTRO;E M PROF ORNELIA LIPPI ASSUMPCAO;26/03/2015;18/10/2023;144;122;112;104;93;100;60;25;33;31;27
2023;1;URG I-CENTRO;E M PROF OSIRES NEVES;13/11/2023;16/11/2023;648;499;440;438;436;437;182;117;141;50;44
2023;1;URG I-CENTRO;E M PROF PAULO FREIRE;19/10/2023;19/10/2023;116;97;79;79;81;80;48;24;29;0;0
2023;1;URG I-CENTRO;E M PROF RUY DE QUEIROZ;17/10/2023;17/10/2023;228;209;207;179;183;170;120;60;71;34;31
2023;1;URG I-CENTRO;E.M PROF EDIVALDO BARROS DE OLIVEIRA;18/09/2023;18/09/2023;47;33;32;31;32;29;24;9;10;6;2
2023;1;URG I-CENTRO;EMEI JESUS BOM PASTOR;11/10/2023;11/10/2023;94;30;29;29;29;29;29;20;21;4;5
2023;1;URG I-CENTRO;EMEI SAO BENEDITO;20/10/2023;26/10/2023;188;179;178;124;130;87;52;12;14;0;4
2023;2;URG II-POSSE;C M E E ESPECIAL PAUL HARRIS;27/11/2023;28/11/2023;317;232;209;170;169;197;130;70;77;57;24
2023;2;URG II-POSSE;CIEP BRIZOLAO 099 DR BOLIVARD GOMES DE ASSUMPCAO;22/11/2023;23/11/2023;557;507;452;379;372;379;96;52;63;18;30
2023;2;URG II-POSSE;CRECHE EDUNCANDÁRIO SÃO LÁZARO - AELO;05/04/2023;05/04/2023;125;109;100;89;90;89;90;50;63;24;24
2023;2;URG II-POSSE;E M DOUGLAS BRASIL;01/12/2023;11/12/2023;812;636;473;579;435;428;69;33;34;26;20
2023;2;URG II-POSSE;E M DR ORLANDO MELLO;24/11/2023;28/11/2023;780;587;483;521;511;521;190;101;150;41;54
2023;2;URG II-POSSE;E M ESTANISLAU RIBEIRO DO AMARAL;null;null;668;0;0;0;0;0;0;0;0;0;0
2023;2;URG II-POSSE;E M GUINLE;25/10/2023;26/10/2023;166;125;117;105;113;114;64;62;70;22;21
2023;2;URG II-POSSE;E M HERBERT MOSES;null;null;369;0;0;0;0;0;0;0;0;0;0
2023;2;URG II-POSSE;E M LUIZ DE LEMOS;29/11/2023;30/11/2023;481;382;316;333;327;340;162;98;112;35;34
2023;2;URG II-POSSE;E M MARIA ELIONDAS DOS SANTOS;21/11/2023;21/11/2023;127;93;92;77;88;86;87;42;47;16;28
2023;2;URG II-POSSE;E M PRESIDENTE GETULIO DORNELLES VARGAS;01/11/2023;01/11/2023;309;204;196;181;184;189;123;70;82;23;26
2023;2;URG II-POSSE;E M PROF CLAUDIA MARIA SALLES MONTEIRO DA SILVA;24/11/2023;24/11/2023;168;72;66;64;59;67;57;27;34;20;17
2023;2;URG II-POSSE;E M PROF THEREZINHA DA SILVA XAVIER;29/11/2023;29/11/2023;285;243;194;206;209;210;85;53;69;15;14
2023;2;URG II-POSSE;E M SAO BENEDITO;01/12/2023;04/12/2023;409;333;265;282;274;285;187;67;70;25;42
2023;2;URG II-POSSE;E M TABELIÃO MURILO COSTA;05/12/2023;20/12/2023;464;320;241;47;138;140;57;52;54;26;25
2023;2;URG II-POSSE;E M VEREADOR HELCIO CHAMBARELLI;10/11/2023;13/11/2023;345;253;237;230;220;228;102;53;66;17;20
2023;2;URG II-POSSE;E M VIRGILIO DE MELO FRANCO;30/11/2023;30/11/2023;271;231;224;211;217;216;143;68;94;17;13
2023;2;URG II-POSSE;EMEI JOSE VIEIRA JESUS;10/11/2023;10/11/2023;108;48;40;0;33;36;36;20;21;6;9
2023;3;URG III-COMENDADOR SOARES;CIEP BRIZOLAO 071 MAXIMIANO RIBEIRO DA SILVA;18/05/2023;23/05/2023;625;456;404;397;400;418;187;141;148;54;42
2023;3;URG III-COMENDADOR SOARES;CRECHE DONA JOANA CASA DO MENOR SÃO MIUGUEL ARCANJO;25/08/2023;25/08/2023;84;38;34;35;35;35;31;11;16;2;7
2023;3;URG III-COMENDADOR SOARES;E M ARMANDO PIRES;05/06/2023;07/06/2023;480;387;368;348;354;365;200;154;173;52;56
2023;3;URG III-COMENDADOR SOARES;E M COMPACTOR;22/05/2023;26/05/2023;291;240;200;216;217;227;162;106;118;78;68
2023;3;URG III-COMENDADOR SOARES;E M DOM ADRIANO HIPOLITO;01/06/2023;02/06/2023;408;358;339;316;301;332;240;175;184;26;33
2023;3;URG III-COMENDADOR SOARES;E M IVONETE DOS SANTOS ALVES;29/05/2023;31/05/2023;486;362;320;299;319;337;262;167;173;141;100
2023;3;URG III-COMENDADOR SOARES;E M JOSE RIBEIRO GUIMARAES;29/05/2023;07/06/2023;544;433;390;368;366;394;225;138;155;73;57
2023;3;URG III-COMENDADOR SOARES;E M MARINETE CAVALCANTE DE OLIVEIRA;05/06/2023;07/06/2023;473;410;377;365;366;372;248;179;191;131;93
2023;3;URG III-COMENDADOR SOARES;E M NICANOR GONCALVES PEREIRA;24/05/2023;25/05/2023;500;384;354;347;350;365;181;138;141;62;62
2023;3;URG III-COMENDADOR SOARES;E M PROF IRAMAR DA COSTA LIMA MIGUEL;15/05/2023;17/05/2023;840;681;637;578;585;602;250;157;172;137;101
2023;3;URG III-COMENDADOR SOARES;E M SOUZA E MELLO;20/06/2023;21/06/2023;478;419;368;375;375;391;303;146;149;102;74
2023;3;URG III-COMENDADOR SOARES;EMEI RODRIGO TWARDOWSKY ALVES;26/05/2023;26/05/2023;147;93;87;85;85;81;67;35;37;0;0
2023;4;URG IV-CABUÇU;CENTRO INTEGRADO DE DESENVOLVIMENTO INFANTIL JUNENIL CIDI;16/10/2023;16/10/2023;146;86;85;72;72;71;66;26;35;30;13
2023;4;URG IV-CABUÇU;E M ABILIO RIBEIRO;25/09/2023;27/09/2023;535;437;365;382;383;400;156;117;149;88;55
2023;4;URG IV-CABUÇU;E M CAMPO ALEGRE;09/10/2023;10/10/2023;79;67;64;52;55;45;38;26;26;11;7
2023;4;URG IV-CABUÇU;E M CHAER KAZEN KALAOUN;22/08/2023;24/08/2023;596;426;0;377;396;393;240;157;168;49;46
2023;4;URG IV-CABUÇU;E M DARCILIO AYRES RAUNHEITTI;18/09/2023;28/09/2023;1233;1114;916;870;868;850;342;189;274;103;95
2023;4;URG IV-CABUÇU;E M DR JOSE FROES MACHADO;02/10/2023;06/10/2023;855;821;798;550;635;627;329;173;229;86;85
2023;4;URG IV-CABUÇU;E M DR RUY BERCOT DE MATTOS;28/09/2023;29/09/2023;387;266;252;211;229;239;169;106;137;19;46
2023;4;URG IV-CABUÇU;E M FRANCISCO DE OLIVEIRA;28/09/2023;29/09/2023;370;324;313;244;246;251;177;138;178;23;33
2023;4;URG IV-CABUÇU;E M IVANI VIGNE BABO;09/10/2023;11/10/2023;648;564;539;481;488;498;342;202;283;162;173
2023;4;URG IV-CABUÇU;E M JARDIM NOVA ERA;31/08/2023;01/09/2023;445;351;336;329;329;331;195;121;133;38;35
2023;4;URG IV-CABUÇU;E M PROF DULCE DE MOURA RAUNHEITTI RIBEIRO;31/08/2023;01/09/2023;303;257;242;236;233;240;156;104;111;0;21
2023;4;URG IV-CABUÇU;E M PROF EDNA UMBELINA DE SANT ANNA DA SILVA;28/08/2023;30/08/2023;659;519;472;461;464;481;329;215;228;78;33
2023;4;URG IV-CABUÇU;E M PROF ELIANA DE SOUZA PAPALEO MOURA ;02/10/2023;04/10/2023;452;374;363;335;337;344;201;144;197;53;47
2023;4;URG IV-CABUÇU;E M PROF JOAQUIM DE FREITAS;16/10/2023;16/10/2023;338;279;244;228;221;223;111;64;88;66;41
2023;4;URG IV-CABUÇU;E M PROF LEOPOLDINA MACHADO BARBOSA DE BARROS;04/09/2023;06/09/2023;428;322;239;285;285;287;113;88;116;29;16
2023;4;URG IV-CABUÇU;E M PROF MARIA CANDIDA SOBREIRA VIANNA;25/09/2023;27/09/2023;412;349;322;319;317;314;194;141;172;70;48
2023;4;URG IV-CABUÇU;E M PROF NABOR OTHUKI;11/09/2023;15/09/2023;656;627;592;393;391;440;303;207;224;76;58
2023;4;URG IV-CABUÇU;E M PROF NEWTON GONCALVES DE BARROS;04/09/2023;06/09/2023;539;430;387;370;374;396;249;149;181;67;59
2023;4;URG IV-CABUÇU;E M TRES MARIAS;11/09/2023;21/12/2023;888;749;658;685;689;704;398;241;277;132;166
2023;4;URG IV-CABUÇU;E M VISCONDE DE ITABORAI;21/08/2023;28/08/2023;186;143;0;0;138;138;35;54;58;46;29
2023;4;URG IV-CABUÇU;EMEI LEILA MARIA CÔRTES SAMPAIO;10/10/2023;10/10/2023;125;99;96;92;92;95;64;51;53;25;11
2023;4;URG IV-CABUÇU;EMEI MONTE SOL;25/08/2023;25/08/2023;125;71;65;62;60;65;61;26;27;11;8
2023;4;URG IV-CABUÇU;EMEI NOVA ERA;22/09/2023;22/09/2023;188;104;100;97;97;96;77;38;58;0;0
2023;4;URG IV-CABUÇU;SOCIEDADE BENEFICIENTE DE CAMPO ALEGRE SOBEM  ;null;null;52;0;0;0;0;0;0;0;0;0;0
2023;5;URG V-KM 32;CIEP BRIZOLAO 033 ALFREDO DA ROCHA VIANA FILHO;16/08/2023;18/08/2023;584;438;329;404;396;403;216;152;172;70;58
2023;5;URG V-KM 32;CIEP BRIZOLAO 187 BENEDITO LARANJEIRAS;24/07/2023;27/07/2023;605;440;374;354;361;377;272;130;151;89;87
2023;5;URG V-KM 32;CIEP BRIZOLAO 325 AUSTREGESILO DE ATHAYDE;10/08/2023;21/12/2023;430;281;243;237;249;253;102;0;0;64;62
2023;5;URG V-KM 32;CIEP BRIZOLAO 360 PROF IARA SIMÃO VIEIRA;21/08/2023;21/12/2023;734;559;520;485;490;499;225;108;128;85;102
2023;5;URG V-KM 32;CIEP BRIZOLAO 373 BRIGADEIRO TEIXEIRA;28/08/2023;30/08/2023;693;482;436;410;417;430;198;119;129;66;91
2023;5;URG V-KM 32;E M ALFREDO JOSE SOARES;02/08/2023;04/08/2023;355;306;279;275;273;276;179;175;188;47;24
2023;5;URG V-KM 32;E M ALFREDO PEREIRA DE MAGALHAES;10/08/2023;16/08/2023;966;755;551;675;638;686;313;226;268;109;71
2023;5;URG V-KM 32;E M ERYK DA CRUZ LAIA;08/08/2023;25/08/2023;715;542;478;462;437;482;325;162;172;169;108
2023;5;URG V-KM 32;E M JOSE REIS;16/08/2023;18/08/2023;468;396;378;366;378;375;202;153;176;11;17
2023;5;URG V-KM 32;E M PERA FLOR;20/07/2023;17/08/2023;947;811;728;656;673;707;516;327;371;152;155
2023;5;URG V-KM 32;E M PROF AIMEE CARREIRO FIGUEIREDO;28/07/2023;28/07/2023;348;297;280;267;274;271;109;102;112;0;0
2023;5;URG V-KM 32;E M PROF CREUZA ALARCAO SOBRAL;14/08/2023;15/08/2023;358;298;275;270;270;281;179;148;170;130;100
2023;5;URG V-KM 32;E M PROF LEONARDO CARIELO DE ALMEIDA;03/08/2023;11/08/2023;613;403;360;357;347;375;132;152;175;108;98
2023;5;URG V-KM 32;E M PROF MARLY TUPACINUNGA DE MATTOS;08/08/2023;09/08/2023;508;438;416;399;398;375;150;96;102;68;42
2023;5;URG V-KM 32;E M PROF PRISCILLA BOUCAS VILLA NOVA;31/07/2023;01/08/2023;513;407;269;335;319;351;176;129;146;80;43
2023;5;URG V-KM 32;E M SHANGRI LA;31/07/2023;01/08/2023;358;307;286;283;285;289;211;118;122;99;59
2023;5;URG V-KM 32;E M VILA JOAO CORREA;02/08/2023;03/08/2023;504;444;386;400;377;412;224;168;194;105;82
2023;5;URG V-KM 32;EMEI HELIO MONTEZANO DE OLIVEIRA;07/08/2023;07/08/2023;109;92;87;85;81;87;79;52;67;24;11
2023;5;URG V-KM 32;EMEI JARDIM EUROPA;28/07/1923;28/12/2023;137;99;91;91;88;93;59;42;44;15;26
2023;5;URG V-KM 32;EMEI NISIA SOUZA MARCONDES;04/08/2023;04/08/2023;109;74;68;69;68;67;15;32;36;10;14
2023;5;URG V-KM 32;EMEI PATRICIA M GASPAR SOMMA PEREIRA;27/07/2023;14/08/2023;100;74;69;69;70;71;62;43;52;8;12
2023;6;URG VI-AUSTIN;E M ALTHAIR PIMENTA DE MORAES;30/06/2023;04/07/2023;799;604;557;510;539;554;275;208;270;109;93
2023;6;URG VI-AUSTIN;E M DR JOSE BRIGAGAO FERREIRA;22/06/2023;03/07/2023;263;239;231;195;213;216;114;88;88;0;1
2023;6;URG VI-AUSTIN;E M DR ODIR ARAUJO;16/06/2023;19/06/2023;213;191;179;175;167;180;123;83;89;0;0
2023;6;URG VI-AUSTIN;E M GOVERNADOR LEONEL DE MOURA BRIZOLA;05/07/2023;07/07/2023;999;692;628;583;586;604;182;134;179;44;41
2023;6;URG VI-AUSTIN;E M JOSE DE ANCHIETA;19/06/2023;19/06/2023;231;208;198;188;153;188;102;81;90;67;48
2023;6;URG VI-AUSTIN;E M JOSE LUIZ DA SILVA;27/06/2023;29/06/2023;446;415;362;400;381;402;180;119;124;97;51
2023;6;URG VI-AUSTIN;E M KERMA MOREIRA FRANCO;04/07/2023;07/07/2023;847;668;560;586;581;597;283;227;274;43;35
2023;6;URG VI-AUSTIN;E M NENA RODRIGUES;14/06/2023;19/06/2023;294;254;244;201;228;241;137;93;96;9;18
2023;6;URG VI-AUSTIN;E M PROF ENILZA BARROS DOS SANTOS CHICONELLI;23/06/2023;30/06/2023;1035;860;757;762;749;754;323;236;299;93;69
2023;6;URG VI-AUSTIN;E M PROF FRANKLIN BOLIVAR FERNANDES;16/06/2023;20/06/2023;535;436;408;380;389;404;261;193;201;49;33
2023;6;URG VI-AUSTIN;E M PROF MARCIO CAULINO SOARES;20/06/2023;22/06/2023;784;747;688;683;649;694;405;318;347;105;91
2023;6;URG VI-AUSTIN;E M RUI BARBOSA;14/06/2023;15/06/2023;440;382;365;344;355;352;243;156;160;69;57
2023;6;URG VI-AUSTIN;E M WALFREDO DA SILVA LESSA;30/06/2023;05/07/2023;689;539;307;481;434;494;225;172;209;50;26
2023;6;URG VI-AUSTIN;EMEI OLGA CELESTINA GILIBERTI ALMEIDA;23/06/2023;23/06/2023;140;101;97;96;97;96;67;26;26;0;0
2023;6;URG VI-AUSTIN;EMEI VILA SAO MIGUEL;26/06/2023;26/06/2023;80;55;54;54;52;55;45;31;34;18;19
2023;7;URG VII-VILA DE CAVA;CENTRO COMUNITÁRIO SÃO SEBASTIÃO DE VILA DE CAVA CECOM;11/04/2023;11/04/2023;114;95;83;87;80;87;78;36;36;20;15
2023;7;URG VII-VILA DE CAVA;CENTRO COMUNITÁRIO SÃO SEBASTIÃO DE VILA DE CAVA CECOM FÉ E ESPERANÇA;12/04/2023;12/04/2023;122;96;83;74;84;91;67;30;32;22;19
2023;7;URG VII-VILA DE CAVA;CRECHE MUNICIPAL PROF. DENISE FERNANDES DA SILVA PAULINO;04/04/2023;04/04/2023;41;39;39;33;35;37;35;11;12;8;9
2023;7;URG VII-VILA DE CAVA;E M AMERICA XAVIER DA SILVEIRA;14/04/1223;14/04/2023;617;542;517;464;472;472;201;82;90;60;51
2023;7;URG VII-VILA DE CAVA;E M AMINTHAS PEREIRA;10/04/2023;10/04/2023;309;219;205;195;197;201;114;54;59;73;41
2023;7;URG VII-VILA DE CAVA;E M BARAO DO GUANDU;13/12/2023;13/12/2023;161;56;38;45;45;54;15;10;13;0;0
2023;7;URG VII-VILA DE CAVA;E M DR JUVENIL DE SOUZA LOPES;20/04/2023;20/04/2023;215;169;152;140;143;145;100;17;17;39;32
2023;7;URG VII-VILA DE CAVA;E M JOSÉ PACIFICO;08/05/2023;10/05/2023;610;509;465;441;467;476;317;227;228;173;136
2023;7;URG VII-VILA DE CAVA;E M MARCILIO DIAS;17/04/2023;20/04/2023;751;567;522;487;489;513;168;67;80;109;75
2023;7;URG VII-VILA DE CAVA;E M ORESTES BERNARDO CABRAL;02/05/2023;05/05/2023;994;770;613;575;596;665;467;226;251;179;128
2023;7;URG VII-VILA DE CAVA;E M PROF IRENE DA SILVA OLIVEIRA;24/04/2023;27/04/2023;731;625;582;571;565;576;251;81;93;123;88
2023;7;URG VII-VILA DE CAVA;E M PROF LUCIA HELENA DE LIMA;11/05/2023;17/05/2023;542;361;334;307;305;320;172;108;118;16;17
2023;7;URG VII-VILA DE CAVA;EMEI GLAUCO JOSE VAZ GONCALVES;27/04/2023;27/04/2023;104;92;84;74;78;82;74;43;56;45;28
2023;7;URG VII-VILA DE CAVA;IDRSH VIVENDO EM GRAÇAS;26/05/2023;26/05/2023;85;59;37;42;37;51;53;30;32;0;0
2023;8;URG VIII-MIGUEL COUTO;E M ANTONIO PINHEIRO GUIMARAES VICTORY;01/03/2023;03/03/2023;353;284;241;257;253;268;154;94;103;99;35
2023;8;URG VIII-MIGUEL COUTO;E M AYRTON SENNA;15/03/2023;17/03/2023;624;524;449;465;458;485;249;140;144;176;70
2023;8;URG VIII-MIGUEL COUTO;E M FLOR DE LIS;03/03/2023;06/03/2023;395;290;258;232;244;266;152;76;87;37;23
2023;8;URG VIII-MIGUEL COUTO;E M JANIR CLEMENTINO PEREIRA;07/03/2023;14/03/2023;915;745;637;648;652;658;271;147;174;146;76
2023;8;URG VIII-MIGUEL COUTO;E M PAULO ROBERTO FIORENZANO ARAUJO;28/03/2023;26/12/2023;450;408;365;355;347;370;183;122;140;140;98
2023;8;URG VIII-MIGUEL COUTO;E M PROF ANNA MARIA RAMALHO;13/02/2023;15/02/2023;675;509;423;442;437;454;304;73;88;107;93
2023;8;URG VIII-MIGUEL COUTO;E M PROF DARCY RIBEIRO;30/03/2023;21/12/2023;686;424;362;381;384;389;208;121;134;69;49
2023;8;URG VIII-MIGUEL COUTO;E M PROF HAULER DA SILVA FERREIRA;21/03/2023;24/03/2023;649;604;557;544;547;575;410;188;199;260;119
2023;8;URG VIII-MIGUEL COUTO;E M PROF RUY AFRANIO PEIXOTO;15/02/2023;27/02/2023;732;535;370;454;441;495;239;88;126;143;67
2023;8;URG VIII-MIGUEL COUTO;E M SAO MIGUEL ARCANJO;24/03/2023;28/03/2023;308;260;245;232;236;247;178;94;106;116;51
2023;8;URG VIII-MIGUEL COUTO;EMEI AMBAI;14/03/2023;14/03/2023;98;85;78;77;78;82;70;32;39;17;13
2023;8;URG VIII-MIGUEL COUTO;EMEI CASA DA CRIANCA DE MIGUEL COUTO;20/03/2023;20/03/2023;95;68;61;61;62;57;54;32;38;22;23
2023;8;URG VIII-MIGUEL COUTO;GRUPO AÇÃO COMUNITÁRIO CORAÇÃO DE MÃE;28/02/2023;02/03/2023;63;40;27;30;27;38;32;17;21;6;8
2023;9;URG IX-TINGUA;E M BARAO DE TINGUA;08/12/2023;13/12/2023;448;302;201;120;269;252;19;10;10;2;1
2023;9;URG IX-TINGUA;E M DE JACERUBA;13/12/2023;13/12/2023;168;109;105;81;0;23;18;0;0;10;8
2023;9;URG IX-TINGUA;E M JARDIM MONTEVIDEO;08/12/2023;20/12/2023;140;69;0;52;15;60;8;17;17;9;8
2023;9;URG IX-TINGUA;E M PROF LUCIA VIANA CAPELLI;11/12/2023;11/12/2023;350;169;29;149;146;159;35;11;12;19;11
2023;9;URG IX-TINGUA;E M PROF THEREZINHA DE JESUS ARAUJO HERMIDA;12/12/2023;12/12/2023;274;205;154;184;175;181;56;25;30;16;13
2023;9;URG IX-TINGUA;E M VALE DO TINGUA;11/12/2023;12/12/2023;195;55;0;51;45;0;10;0;0;5;4
2023;9;URG IX-TINGUA;EMEI TERRA DE MARAMBAIA;12/12/2023;12/12/2023;90;41;35;26;31;31;32;16;18;8;12
2024;1;URG I-CENTRO;ASSOCIAÇÃO CRESCENDO COM CRISTO;25/06/2024;25/06/2024;40;39;39;16;16;16;17;9;10;0;0
2024;1;URG I-CENTRO;CAIESP CASTORINA FARIA LIMA;01/11/2024;01/11/2024;158;66;37;50;49;57;41;16;22;3;2
2024;1;URG I-CENTRO;CRECHE MUNICIPAL PROF. MARIA APARECIDA DE SOUZA;24/06/2024;24/06/2024;54;38;35;29;29;29;26;8;13;8;10
2024;1;URG I-CENTRO;CRECHE MUNICIPAL PROF. MARIA LUZIANA RODRIGUES CHAVES;04/11/2024;04/11/2024;73;45;41;0;41;45;42;27;42;6;5
2024;1;URG I-CENTRO;E M CAPISTRANO DE ABREU;14/10/2024;16/10/2024;280;204;196;3;181;119;85;25;25;28;12
2024;1;URG I-CENTRO;E M CAPITÃO SILVINO AZEREDO;04/10/2024;04/10/2024;166;111;102;77;79;81;55;33;36;9;11
2024;1;URG I-CENTRO;E M DR THIBAU;19/09/2024;20/09/2024;171;135;128;60;111;115;85;54;70;11;15
2024;1;URG I-CENTRO;E M ENGENHO PEQUENO;23/10/2024;24/10/2024;349;316;269;131;278;295;185;112;145;33;33
2024;1;URG I-CENTRO;E M FRANCA CARVALHO;14/10/2024;17/10/2024;474;334;310;93;290;316;92;65;91;20;22
2024;1;URG I-CENTRO;E M HEITOR DANTAS;18/10/2024;18/10/2024;226;147;138;0;127;138;60;31;41;11;4
2024;1;URG I-CENTRO;E M JANICI FERREIRA MAIA ;04/11/2024;05/11/2024;332;284;277;9;249;253;121;68;83;67;34
2024;1;URG I-CENTRO;E M JULIO RABELLO GUIMARAES;09/07/2024;10/07/2024;557;326;298;269;260;283;116;70;94;45;35
2024;1;URG I-CENTRO;E M MANOEL JOAO GONCALVES;25/10/2024;25/10/2024;177;120;115;107;104;110;75;56;67;33;29
2024;1;URG I-CENTRO;E M MARECHAL MASCARENHAS DE MORAES;21/10/2024;22/10/2024;406;354;342;160;296;313;141;68;93;54;48
2024;1;URG I-CENTRO;E M MENINOS DE DEUS;29/10/2024;29/10/2024;293;240;231;0;219;223;59;36;51;41;25
2024;1;URG I-CENTRO;E M MONTEIRO LOBATO;16/09/2024;20/09/2024;982;788;666;333;659;664;178;94;113;64;30
2024;1;URG I-CENTRO;E M PADRE AGOSTINHO PRETTO;17/10/2024;18/10/2024;385;299;271;138;266;281;129;80;93;36;44
2024;1;URG I-CENTRO;E M PROF AMAZOR VIEIRA BORGES;23/10/2024;24/10/2024;662;554;524;6;478;479;156;103;136;61;46
2024;1;URG I-CENTRO;E M PROF EMILIO LUIZ PEDROSO ARAUJO;30/10/2024;04/11/2024;282;216;196;125;195;208;115;52;69;28;21
2024;1;URG I-CENTRO;E M PROF IZABEL DOS SANTOS SOARES MELLO;16/09/2024;30/09/2024;184;156;144;6;131;141;34;25;35;10;14
2024;1;URG I-CENTRO;E M PROF ORNELIA LIPPI ASSUMPCAO;17/10/2024;17/10/2024;138;103;99;0;91;93;26;15;18;0;0
2024;1;URG I-CENTRO;E M PROF OSIRES NEVES;11/11/2024;13/11/2024;625;502;480;7;460;460;172;115;152;60;62
2024;1;URG I-CENTRO;E M PROF PAULO FREIRE;25/10/2024;25/10/2024;123;69;68;0;68;67;36;21;24;6;8
2024;1;URG I-CENTRO;E M PROF RUY DE QUEIROZ;21/10/2024;22/10/2024;185;148;141;4;135;143;72;46;55;19;20
2024;1;URG I-CENTRO;E.M PROF EDIVALDO BARROS DE OLIVEIRA;26/06/2024;26/06/2024;101;57;52;37;47;52;51;19;24;17;15
2024;1;URG I-CENTRO;EMEI JESUS BOM PASTOR;18/09/2024;18/09/2024;99;58;56;5;52;53;44;21;29;21;16
2024;1;URG I-CENTRO;EMEI SAO BENEDITO;04/10/2024;04/10/2024;170;72;66;0;56;67;52;37;49;11;12
2024;1;URG I-CENTRO;SOCIEDADE FILANTRÓPICA SÃO VICENTE PATRONATO;07/10/2024;09/10/2024;276;255;248;82;228;240;103;26;27;42;33
2024;2;URG II-POSSE;C M E E ESPECIAL PAUL HARRIS;11/11/2024;13/11/2024;277;206;187;48;163;188;134;67;82;49;25
2024;2;URG II-POSSE;CIEP BRIZOLAO 099 DR BOLIVARD GOMES DE ASSUMPCAO;05/11/2024;06/11/2024;556;513;457;263;443;422;91;58;78;57;34
2024;2;URG II-POSSE;CRECHE EDUNCANDÁRIO SÃO LÁZARO - AELO;26/04/2024;26/04/2024;129;122;113;78;89;81;63;31;42;9;11
2024;2;URG II-POSSE;E M DOUGLAS BRASIL;25/11/2024;27/11/2024;774;696;643;192;617;649;175;97;111;94;66
2024;2;URG II-POSSE;E M DR ORLANDO MELLO;29/10/2024;31/10/2024;795;701;675;10;625;650;207;131;167;71;53
2024;2;URG II-POSSE;E M ESTANISLAU RIBEIRO DO AMARAL;18/11/2024;19/11/2024;500;379;341;158;334;343;79;47;61;45;30
2024;2;URG II-POSSE;E M GUINLE;28/11/2024;28/11/2024;185;145;143;0;119;135;70;47;70;9;11
2024;2;URG II-POSSE;E M HERBERT MOSES;21/11/2024;22/11/2024;333;233;218;101;194;210;67;43;62;13;8
2024;2;URG II-POSSE;E M LUIZ DE LEMOS;07/11/2024;08/11/2024;482;338;320;300;304;309;140;95;131;9;15
2024;2;URG II-POSSE;E M MARIA ELIONDAS DOS SANTOS;22/11/2024;22/11/2024;132;76;72;0;71;73;62;40;50;4;17
2024;2;URG II-POSSE;E M PRESIDENTE GETULIO DORNELLES VARGAS;28/11/2024;28/11/2024;312;250;248;231;209;214;117;67;81;22;16
2024;2;URG II-POSSE;E M PROF CLAUDIA MARIA SALLES MONTEIRO DA SILVA;29/11/2024;29/11/2024;166;60;51;0;52;58;50;35;51;10;13
2024;2;URG II-POSSE;E M PROF THEREZINHA DA SILVA XAVIER;27/11/2024;27/11/2024;289;254;239;4;227;230;88;67;89;30;28
2024;2;URG II-POSSE;E M SAO BENEDITO;18/11/2024;19/11/2024;405;320;294;5;280;303;175;91;109;77;41
2024;2;URG II-POSSE;E M TABELIÃO MURILO COSTA;25/11/2024;26/11/2024;437;357;330;7;318;341;212;104;134;118;71
2024;2;URG II-POSSE;E M VEREADOR HELCIO CHAMBARELLI;29/11/2024;29/11/2024;346;297;295;274;271;276;111;77;103;30;38
2024;2;URG II-POSSE;E M VIRGILIO DE MELO FRANCO;06/12/2024;06/12/2024;271;186;179;164;169;172;109;75;89;36;43
2024;2;URG II-POSSE;EMEI JOSE VIEIRA JESUS;21/11/2024;21/11/2024;91;44;43;32;35;44;41;27;38;20;19
2024;3;URG III-COMENDADOR SOARES;CIEP BRIZOLAO 071 MAXIMIANO RIBEIRO DA SILVA;29/04/2024;02/05/2024;586;499;371;422;397;429;199;99;154;61;54
2024;3;URG III-COMENDADOR SOARES;CRECHE DONA JOANA CASA DO MENOR SÃO MIUGUEL ARCANJO;09/05/2024;15/05/2024;77;76;75;32;31;31;24;22;32;5;2
2024;3;URG III-COMENDADOR SOARES;E M ARMANDO PIRES;16/05/2024;20/05/2024;473;430;324;368;362;378;247;169;262;74;81
2024;3;URG III-COMENDADOR SOARES;E M COMPACTOR;29/04/2024;30/04/2024;277;225;205;201;192;215;158;98;161;52;38
2024;3;URG III-COMENDADOR SOARES;E M DOM ADRIANO HIPOLITO;09/05/2024;14/05/2024;416;405;356;306;303;310;144;111;218;26;31
2024;3;URG III-COMENDADOR SOARES;E M IVONETE DOS SANTOS ALVES;13/05/2024;14/05/2024;476;414;361;349;324;365;244;175;312;83;107
2024;3;URG III-COMENDADOR SOARES;E M JOSE RIBEIRO GUIMARAES;13/05/2024;15/05/2024;554;526;505;442;435;469;229;176;349;106;82
2024;3;URG III-COMENDADOR SOARES;E M MARINETE CAVALCANTE DE OLIVEIRA;16/05/2024;17/05/2024;435;351;328;281;320;326;213;177;339;39;52
2024;3;URG III-COMENDADOR SOARES;E M NICANOR GONCALVES PEREIRA;02/05/2024;03/05/2024;402;363;341;281;289;290;101;76;168;15;25
2024;3;URG III-COMENDADOR SOARES;E M PROF IRAMAR DA COSTA LIMA MIGUEL;06/05/2024;08/05/2024;903;747;559;637;600;646;227;167;364;96;104
2024;3;URG III-COMENDADOR SOARES;E M SOUZA E MELLO;27/05/2024;28/05/2024;478;388;332;299;324;359;223;164;237;95;49
2024;3;URG III-COMENDADOR SOARES;EMEI RODRIGO TWARDOWSKY ALVES;08/05/2024;08/05/2024;126;108;100;86;84;86;70;49;65;20;30
2024;3;URG III-COMENDADOR SOARES;NÚCLEO COMUNITÁRIO DE EDUCAÇÃO INFANTIL SÃO JOSÉ OPERÁRIO;01/11/2024;01/11/2024;68;43;38;0;37;37;17;10;15;5;7
2024;4;URG IV-CABUÇU;CENTRO INTEGRADO DE DESENVOLVIMENTO INFANTIL JUNENIL CIDI;08/08/2024;08/08/2024;145;110;99;91;88;93;86;33;39;7;8
2024;4;URG IV-CABUÇU;CRECHE ANTÔNIO PINHEIRO MAGALHÃES;11/12/2024;11/12/2024;71;29;27;0;27;23;20;6;9;5;6
2024;4;URG IV-CABUÇU;E M ABILIO RIBEIRO;31/07/2024;02/08/2024;508;398;361;307;366;352;125;66;84;40;27
2024;4;URG IV-CABUÇU;E M CAMPO ALEGRE;09/08/2024;21/08/2024;81;73;68;0;66;67;24;20;24;6;8
2024;4;URG IV-CABUÇU;E M CHAER KAZEN KALAOUN;01/10/2024;03/10/2024;553;457;420;283;383;402;160;87;136;54;42
2024;4;URG IV-CABUÇU;E M DARCILIO AYRES RAUNHEITTI;24/06/2024;09/07/2024;1180;1154;1064;984;975;842;346;184;233;125;123
2024;4;URG IV-CABUÇU;E M DR JOSE FROES MACHADO;10/09/2024;13/09/2024;871;764;373;147;702;707;456;301;344;168;154
2024;4;URG IV-CABUÇU;E M DR RUY BERCOT DE MATTOS;20/06/2024;21/06/2024;394;349;322;241;243;241;101;78;100;6;21
2024;4;URG IV-CABUÇU;E M FRANCISCO DE OLIVEIRA;20/06/2024;21/06/2024;370;306;288;183;270;276;131;92;105;53;36
2024;4;URG IV-CABUÇU;E M IVANI VIGNE BABO;06/09/2024;12/09/2024;667;557;392;195;481;478;199;134;176;73;56
2024;4;URG IV-CABUÇU;E M JARDIM NOVA ERA;01/07/2024;05/07/2024;432;380;346;312;334;348;186;100;122;34;44
2024;4;URG IV-CABUÇU;E M PROF DULCE DE MOURA RAUNHEITTI RIBEIRO;02/07/2024;03/07/2024;302;268;259;216;218;215;145;92;112;112;66
2024;4;URG IV-CABUÇU;E M PROF EDNA UMBELINA DE SANT ANNA DA SILVA;03/07/2024;10/07/2024;692;447;391;326;326;328;214;98;127;90;63
2024;4;URG IV-CABUÇU;E M PROF ELIANA DE SOUZA PAPALEO MOURA ;06/09/2024;13/09/2024;604;537;494;96;459;444;175;126;152;33;35
2024;4;URG IV-CABUÇU;E M PROF JOAQUIM DE FREITAS;09/10/2024;09/10/2024;327;260;239;0;207;217;68;44;62;43;43
2024;4;URG IV-CABUÇU;E M PROF LEOPOLDINA MACHADO BARBOSA DE BARROS;04/07/2024;08/07/2024;430;256;125;243;226;222;84;54;68;39;22
2024;4;URG IV-CABUÇU;E M PROF MARIA CANDIDA SOBREIRA VIANNA;31/07/2024;02/08/2024;407;322;302;69;262;278;147;81;84;60;72
2024;4;URG IV-CABUÇU;E M PROF NABOR OTHUKI;09/12/2024;10/12/2024;433;289;265;114;246;266;114;65;81;50;29
2024;4;URG IV-CABUÇU;E M PROF NEWTON GONCALVES DE BARROS;01/07/2024;03/07/2024;545;448;358;390;386;410;195;107;124;68;74
2024;4;URG IV-CABUÇU;E M TRES MARIAS;05/08/2024;12/08/2024;861;782;740;554;623;636;308;165;200;105;92
2024;4;URG IV-CABUÇU;E M VISCONDE DE ITABORAI;30/09/2024;03/10/2024;185;156;86;0;126;52;76;0;0;37;24
2024;4;URG IV-CABUÇU;EM PROF ELIANA MARTINS MAIA;11/12/2024;12/12/2024;381;245;197;91;187;228;115;70;87;33;26
2024;4;URG IV-CABUÇU;EMEI LEILA MARIA CÔRTES SAMPAIO;06/08/2024;06/08/2024;109;90;86;63;78;81;70;32;35;8;11
2024;4;URG IV-CABUÇU;EMEI MONTE SOL;10/05/2024;10/05/2024;131;130;130;69;66;71;69;47;70;16;25
2024;4;URG IV-CABUÇU;EMEI NOVA ERA;01/07/2024;01/07/2024;184;134;128;78;86;80;61;9;11;0;0
2024;4;URG IV-CABUÇU;SOCIEDADE BENEFICIENTE DE CAMPO ALEGRE SOBEM  ;07/08/2024;14/08/2024;73;46;0;0;42;39;17;0;0;2;7
2024;5;URG V-KM 32;CIEP BRIZOLAO 033 ALFREDO DA ROCHA VIANA FILHO;19/08/2024;21/08/2024;630;476;404;263;393;408;172;88;102;84;59
2024;5;URG V-KM 32;CIEP BRIZOLAO 187 BENEDITO LARANJEIRAS;12/08/2024;15/08/2024;693;535;487;196;437;420;245;115;134;113;81
2024;5;URG V-KM 32;CIEP BRIZOLAO 325 AUSTREGESILO DE ATHAYDE;02/09/2024;03/09/2024;410;329;297;161;294;297;152;83;87;85;64
2024;5;URG V-KM 32;CIEP BRIZOLAO 360 PROF IARA SIMÃO VIEIRA;30/09/2024;04/10/2024;656;491;438;9;429;458;174;107;121;67;67
2024;5;URG V-KM 32;CIEP BRIZOLAO 373 BRIGADEIRO TEIXEIRA;26/08/2024;28/08/2024;512;403;364;165;347;356;118;75;89;33;33
2024;5;URG V-KM 32;E M ALFREDO JOSE SOARES;29/08/2024;30/08/2024;399;370;346;166;288;294;196;122;141;70;72
2024;5;URG V-KM 32;E M ALFREDO PEREIRA DE MAGALHAES;02/09/2024;05/09/2024;951;820;723;298;671;676;239;136;170;63;40
2024;5;URG V-KM 32;E M ERYK DA CRUZ LAIA;07/10/2024;08/10/2024;673;400;342;130;341;360;202;120;154;58;39
2024;5;URG V-KM 32;E M JOSE REIS;19/08/2024;21/08/2024;480;393;370;144;356;355;157;102;134;27;21
2024;5;URG V-KM 32;E M PERA FLOR;12/08/2024;16/08/2024;917;769;663;587;669;712;365;223;267;109;98
2024;5;URG V-KM 32;E M PROF AIMEE CARREIRO FIGUEIREDO;09/12/2024;10/12/2024;355;253;214;6;230;232;108;84;108;64;46
2024;5;URG V-KM 32;E M PROF CREUZA ALARCAO SOBRAL;04/09/2024;05/09/2024;394;351;322;181;291;291;220;82;85;57;65
2024;5;URG V-KM 32;E M PROF LEONARDO CARIELO DE ALMEIDA;10/10/2024;11/10/2024;608;448;382;11;347;388;194;113;125;25;29
2024;5;URG V-KM 32;E M PROF MARLY TUPACINUNGA DE MATTOS;26/08/2024;28/08/2024;498;412;359;230;354;365;100;62;68;29;34
2024;5;URG V-KM 32;E M PROF PRISCILLA BOUCAS VILLA NOVA;22/08/2024;27/08/2024;521;428;409;197;311;350;203;123;156;53;42
2024;5;URG V-KM 32;E M SHANGRI LA;22/08/2024;23/08/2024;326;270;245;112;223;244;120;78;100;22;18
2024;5;URG V-KM 32;E M VILA JOAO CORREA;29/08/2024;30/08/2024;461;389;364;363;344;368;150;91;115;24;24
2024;5;URG V-KM 32;EMEI HELIO MONTEZANO DE OLIVEIRA;11/10/2024;11/10/2024;110;81;78;0;78;80;74;34;44;15;30
2024;5;URG V-KM 32;EMEI JARDIM EUROPA;16/08/2024;16/08/2024;135;99;89;0;86;93;84;47;55;3;8
2024;5;URG V-KM 32;EMEI NISIA SOUZA MARCONDES;10/10/2024;11/10/2024;109;59;56;51;52;58;43;22;24;18;16
2024;5;URG V-KM 32;EMEI PATRICIA M GASPAR SOMMA PEREIRA;02/12/2024;02/12/2024;92;52;51;4;42;47;41;18;25;33;16
2024;6;URG VI-AUSTIN;CRECHE MUNICIPAL PROF.CARLOS ALBERTO HORTA AVELINO;12/12/2024;12/12/2024;80;31;21;4;24;31;30;8;16;3;4
2024;6;URG VI-AUSTIN;E M ALTHAIR PIMENTA DE MORAES;07/06/2024;11/06/2024;838;772;691;608;595;602;399;261;307;131;162
2024;6;URG VI-AUSTIN;E M DR JOSE BRIGAGAO FERREIRA;06/06/2024;10/06/2024;284;268;252;233;222;240;155;120;172;31;34
2024;6;URG VI-AUSTIN;E M DR ODIR ARAUJO;23/05/2024;24/05/2024;220;199;172;182;179;184;138;79;85;33;41
2024;6;URG VI-AUSTIN;E M GOVERNADOR LEONEL DE MOURA BRIZOLA;17/06/2024;19/06/2024;1052;957;840;677;687;610;217;132;181;81;76
2024;6;URG VI-AUSTIN;E M JOSE DE ANCHIETA;24/05/2024;24/05/2024;258;222;214;0;206;178;116;58;63;6;33
2024;6;URG VI-AUSTIN;E M JOSE LUIZ DA SILVA;04/06/2024;05/06/2024;462;390;364;333;321;358;195;147;194;42;41
2024;6;URG VI-AUSTIN;E M KERMA MOREIRA FRANCO;11/06/2024;12/06/2024;859;716;473;590;604;572;242;162;201;109;101
2024;6;URG VI-AUSTIN;E M NENA RODRIGUES;21/05/2024;22/05/2024;317;238;210;205;200;204;147;101;117;76;60
2024;6;URG VI-AUSTIN;E M PROF ENILZA BARROS DOS SANTOS CHICONELLI;03/06/2024;06/06/2024;1020;868;691;716;709;687;293;160;176;120;96
2024;6;URG VI-AUSTIN;E M PROF FRANKLIN BOLIVAR FERNANDES;23/05/2024;24/05/2024;542;444;323;369;371;400;245;174;221;53;35
2024;6;URG VI-AUSTIN;E M PROF MARCIO CAULINO SOARES;27/05/2024;29/05/2024;770;700;565;602;605;624;322;238;253;161;147
2024;6;URG VI-AUSTIN;E M RUI BARBOSA;21/05/2024;23/05/2024;450;366;347;295;307;313;168;120;250;73;64
2024;6;URG VI-AUSTIN;E M WALFREDO DA SILVA LESSA;07/06/2024;10/06/2024;637;518;482;436;477;460;201;145;203;16;32
2024;6;URG VI-AUSTIN;EMEI OLGA CELESTINA GILIBERTI ALMEIDA;29/05/2024;29/05/2024;161;115;103;95;99;107;99;63;101;26;35
2024;6;URG VI-AUSTIN;EMEI VILA SAO MIGUEL;03/06/2024;03/06/2024;78;63;62;51;63;63;48;36;66;28;31
2024;7;URG VII-VILA DE CAVA;CENTRO COMUNITÁRIO SÃO SEBASTIÃO DE VILA DE CAVA CECOM;18/04/2024;18/04/2024;116;64;53;54;59;56;28;14;20;2;5
2024;7;URG VII-VILA DE CAVA;CENTRO COMUNITÁRIO SÃO SEBASTIÃO DE VILA DE CAVA CECOM FÉ E ESPERANÇA;26/04/2024;26/04/2024;152;87;54;69;75;61;47;17;26;18;15
2024;7;URG VII-VILA DE CAVA;CRECHE MUNICIPAL PROF. DENISE FERNANDES DA SILVA PAULINO;15/05/2024;15/05/2024;40;28;27;22;24;26;28;5;7;7;8
2024;7;URG VII-VILA DE CAVA;CRECHE MUNICIPAL PROF. LUCIANA COSTA MARTINS;10/04/2024;10/04/2024;79;61;59;60;54;59;43;40;62;18;25
2024;7;URG VII-VILA DE CAVA;E M ADRIANOPOLIS;06/12/2024;06/12/2024;93;62;60;0;58;62;15;10;16;5;5
2024;7;URG VII-VILA DE CAVA;E M AMERICA XAVIER DA SILVEIRA;24/04/2024;25/04/2024;590;498;439;447;454;430;171;97;129;32;32
2024;7;URG VII-VILA DE CAVA;E M AMINTHAS PEREIRA;12/04/2024;19/04/2024;310;285;265;258;260;255;212;57;70;40;39
2024;7;URG VII-VILA DE CAVA;E M BARAO DO GUANDU;03/12/2024;03/12/2024;163;85;82;4;76;83;30;17;20;0;7
2024;7;URG VII-VILA DE CAVA;E M DR JUVENIL DE SOUZA LOPES;17/04/2024;17/04/2024;214;214;213;138;152;138;62;47;64;21;27
2024;7;URG VII-VILA DE CAVA;E M JOSÉ PACIFICO;09/04/2024;10/04/2024;629;553;441;450;442;470;266;131;165;97;90
2024;7;URG VII-VILA DE CAVA;E M MARCILIO DIAS;18/04/2024;26/04/2024;715;495;122;428;418;460;200;101;144;38;49
2024;7;URG VII-VILA DE CAVA;E M ORESTES BERNARDO CABRAL;15/04/2024;17/04/2024;971;652;375;463;453;573;327;99;121;99;110
2024;7;URG VII-VILA DE CAVA;E M PROF IRENE DA SILVA OLIVEIRA;12/04/2024;15/04/2024;876;518;383;341;375;397;108;61;81;43;44
2024;7;URG VII-VILA DE CAVA;E M PROF LUCIA HELENA DE LIMA;11/04/2024;16/04/2024;475;441;417;381;374;372;170;99;129;47;43
2024;7;URG VII-VILA DE CAVA;EMEI GLAUCO JOSE VAZ GONCALVES;09/04/2024;09/04/2024;106;86;65;77;75;81;68;52;71;27;25
2024;8;URG VIII-MIGUEL COUTO;E M ANTONIO PINHEIRO GUIMARAES VICTORY;21/03/2024;27/03/2024;367;309;96;280;265;296;112;46;51;24;32
2024;8;URG VIII-MIGUEL COUTO;E M AYRTON SENNA;25/03/2024;26/03/2024;593;478;174;421;389;403;144;71;78;29;52
2024;8;URG VIII-MIGUEL COUTO;E M FLOR DE LIS;01/04/2024;02/04/2024;411;322;177;272;253;299;164;103;145;57;67
2024;8;URG VIII-MIGUEL COUTO;E M JANIR CLEMENTINO PEREIRA;18/03/2024;21/03/2024;998;930;711;629;689;666;169;97;155;57;42
2024;8;URG VIII-MIGUEL COUTO;E M PAULO ROBERTO FIORENZANO ARAUJO;21/03/2024;09/04/2024;454;350;0;296;290;299;76;33;46;14;18
2024;8;URG VIII-MIGUEL COUTO;E M PROF ANNA MARIA RAMALHO;18/03/2024;19/03/2024;624;504;399;370;365;412;243;78;85;66;112
2024;8;URG VIII-MIGUEL COUTO;E M PROF DARCY RIBEIRO;25/03/2024;27/03/2024;679;424;215;374;369;380;99;43;60;43;39
2024;8;URG VIII-MIGUEL COUTO;E M PROF HAULER DA SILVA FERREIRA;03/04/2024;05/04/2024;617;580;559;458;489;496;228;113;144;76;47
2024;8;URG VIII-MIGUEL COUTO;E M PROF RUY AFRANIO PEIXOTO;01/04/2024;02/04/2024;742;624;365;519;502;557;173;118;153;54;79
2024;8;URG VIII-MIGUEL COUTO;E M SAO MIGUEL ARCANJO;03/04/2024;05/04/2024;286;253;245;232;224;234;114;74;94;26;43
2024;8;URG VIII-MIGUEL COUTO;EMEI AMBAI;05/04/2024;05/04/2024;91;85;83;55;54;57;51;36;44;0;0
2024;8;URG VIII-MIGUEL COUTO;EMEI CASA DA CRIANCA DE MIGUEL COUTO;20/03/2024;20/03/2024;87;63;0;52;53;60;55;24;38;9;18
2024;8;URG VIII-MIGUEL COUTO;GRUPO AÇÃO COMUNITÁRIO CORAÇÃO DE MÃE;08/04/2024;09/04/2024;80;47;45;40;41;44;41;20;28;8;12
2024;9;URG IX-TINGUA;E M BARAO DE TINGUA;04/12/2024;05/12/2024;407;289;267;132;236;241;43;20;27;12;11
2024;9;URG IX-TINGUA;E M DE JACERUBA;04/12/2024;05/12/2024;158;126;102;0;116;116;7;7;10;6;5
2024;9;URG IX-TINGUA;E M JARDIM MONTEVIDEO;05/12/2024;05/12/2024;135;53;39;3;40;46;37;31;47;9;3
2024;9;URG IX-TINGUA;E M PROF LUCIA VIANA CAPELLI;02/12/2024;03/12/2024;278;243;229;66;214;209;45;23;29;50;32
2024;9;URG IX-TINGUA;E M PROF THEREZINHA DE JESUS ARAUJO HERMIDA;06/11/2024;08/11/2024;275;222;204;7;195;210;77;65;87;33;26
2024;9;URG IX-TINGUA;E M VALE DO TINGUA;14/11/2024;14/11/2024;200;136;125;125;117;122;2;0;0;0;0
2024;9;URG IX-TINGUA;EMEI TERRA DE MARAMBAIA;14/11/2024;14/11/2024;62;29;19;0;19;28;27;10;11;8;16
2025;1;URG I-CENTRO;ASSOCIAÇÃO CRESCENDO COM CRISTO;02/07/2025;02/07/2025;50;48;48;9;38;37;38;19;31;25;13
2025;1;URG I-CENTRO;CAIESP CASTORINA FARIA LIMA;03/10/2025;06/10/2025;145;89;70;0;68;69;32;8;10;47;15
2025;1;URG I-CENTRO;CRECHE MUNICIPAL PROF. MARIA APARECIDA DE SOUZA;03/07/2025;03/07/2025;54;41;40;19;23;24;22;11;14;5;4
2025;1;URG I-CENTRO;CRECHE MUNICIPAL PROF. MARIA LUZIANA RODRIGUES CHAVES;04/09/2025;04/09/2025;74;59;55;1;42;45;46;28;37;5;6
2025;1;URG I-CENTRO;E M CAPISTRANO DE ABREU;28/08/2025;29/08/2025;297;254;241;33;207;226;69;43;50;3;8
2025;1;URG I-CENTRO;E M CAPITÃO SILVINO AZEREDO;24/09/2025;24/09/2025;154;145;143;0;107;114;74;48;65;72;52
2025;1;URG I-CENTRO;E M DR RUBENS FALCAO;29/09/2025;30/09/2025;423;399;393;15;317;331;171;92;127;122;76
2025;1;URG I-CENTRO;E M DR THIBAU;29/09/2025;29/09/2025;159;129;109;56;93;102;55;29;36;30;18
2025;1;URG I-CENTRO;E M ENGENHO PEQUENO;11/09/2025;12/09/2025;335;332;325;8;206;213;121;65;78;100;86
2025;1;URG I-CENTRO;E M FRANCA CARVALHO;03/10/2025;06/10/2025;475;430;393;120;314;322;94;74;96;58;38
2025;1;URG I-CENTRO;E M HEITOR DANTAS;19/09/2025;19/09/2025;230;160;156;128;148;155;72;48;65;41;28
2025;1;URG I-CENTRO;E M JANICI FERREIRA MAIA ;15/09/2025;16/09/2025;321;261;248;72;206;212;104;58;75;64;37
2025;1;URG I-CENTRO;E M JULIO RABELLO GUIMARAES;01/09/2025;03/09/2025;584;497;466;128;428;454;174;106;152;132;61
2025;1;URG I-CENTRO;E M MANOEL JOAO GONCALVES;18/09/2025;18/09/2025;211;170;164;0;147;150;80;57;78;23;13
2025;1;URG I-CENTRO;E M MARECHAL MASCARENHAS DE MORAES;30/10/2025;30/10/2025;425;362;338;248;285;288;167;68;96;86;77
2025;1;URG I-CENTRO;E M MENINOS DE DEUS;07/10/2025;09/10/2025;310;273;268;57;173;188;65;34;43;29;17
2025;1;URG I-CENTRO;E M MONTEIRO LOBATO;15/09/2025;22/09/2025;1005;945;882;390;688;681;180;94;125;155;84
2025;1;URG I-CENTRO;E M PADRE AGOSTINHO PRETTO;22/09/2025;23/09/2025;411;305;290;151;271;282;121;77;110;56;43
2025;1;URG I-CENTRO;E M PROF AMAZOR VIEIRA BORGES;10/09/2025;12/09/2025;654;576;489;313;444;477;161;114;147;86;66
2025;1;URG I-CENTRO;E M PROF EMILIO LUIZ PEDROSO ARAUJO;01/10/2025;02/10/2025;283;241;231;196;206;212;90;50;67;76;54
2025;1;URG I-CENTRO;E M PROF IZABEL DOS SANTOS SOARES MELLO;17/09/2025;17/09/2025;175;155;150;38;134;142;51;32;43;47;36
2025;1;URG I-CENTRO;E M PROF ORNELIA LIPPI ASSUMPCAO;25/09/2025;25/09/2025;146;125;115;82;81;84;34;21;28;26;5
2025;1;URG I-CENTRO;E M PROF OSIRES NEVES;22/09/2025;23/09/2025;639;536;517;1;425;436;116;59;80;90;72
2025;1;URG I-CENTRO;E M PROF PAULO FREIRE;01/10/2025;01/10/2025;155;147;146;0;119;119;51;30;37;40;18
2025;1;URG I-CENTRO;E M PROF RUY DE QUEIROZ;26/09/2025;26/09/2025;201;200;198;100;142;146;55;33;39;29;17
2025;1;URG I-CENTRO;E.M PROF EDIVALDO BARROS DE OLIVEIRA;26/09/2025;26/09/2025;88;39;36;13;36;38;37;21;35;27;9
2025;1;URG I-CENTRO;EMEI JESUS BOM PASTOR;02/10/2025;03/10/2025;97;68;68;54;57;56;58;29;43;34;18
2025;1;URG I-CENTRO;EMEI SAO BENEDITO;30/09/2025;30/09/2025;169;90;81;12;56;69;68;44;70;50;34
2025;1;URG I-CENTRO;SOCIEDADE FILANTRÓPICA SÃO VICENTE PATRONATO;14/11/2025;14/11/2025;255;217;211;0;190;192;56;12;20;24;9
2025;2;URG II-POSSE;AVICRES ASSOCIAÇÃO VIDA NO CRESCIMENTO E NA SOLIDARIEDADE;09/04/2025;09/04/2025;67;50;45;0;50;32;15;4;6;3;6
2025;2;URG II-POSSE;C M E E ESPECIAL PAUL HARRIS;27/10/2025;28/10/2025;283;223;205;53;170;184;110;62;86;65;26
2025;2;URG II-POSSE;CIEP BRIZOLAO 099 DR BOLIVARD GOMES DE ASSUMPCAO;21/10/2025;22/10/2025;592;556;520;81;412;447;75;66;89;60;45
2025;2;URG II-POSSE;CRECHE EDUNCANDÁRIO SÃO LÁZARO - AELO;04/04/2025;14/04/2025;201;93;66;0;70;82;48;18;23;19;17
2025;2;URG II-POSSE;CRECHE MUNICIPAL PROF ANA CLÁUDIA MARTINS DE SOUZA;13/10/2025;13/10/2025;98;68;67;0;46;53;50;8;17;16;17
2025;2;URG II-POSSE;E M DOUGLAS BRASIL;14/10/2025;17/10/2025;873;770;743;234;580;568;209;131;197;167;141
2025;2;URG II-POSSE;E M DR ORLANDO MELLO;09/10/2025;13/10/2025;768;616;584;71;473;491;171;106;146;121;83
2025;2;URG II-POSSE;E M ESTANISLAU RIBEIRO DO AMARAL;27/10/2025;28/10/2025;482;392;356;61;311;291;69;35;53;63;27
2025;2;URG II-POSSE;E M GUINLE;14/10/2025;14/10/2025;197;136;128;68;127;131;64;52;67;23;21
2025;2;URG II-POSSE;E M HERBERT MOSES;22/10/2025;23/10/2025;344;299;287;0;219;223;91;63;84;75;49
2025;2;URG II-POSSE;E M LUIZ DE LEMOS;07/10/2025;08/10/2025;491;449;429;266;352;354;121;78;105;91;66
2025;2;URG II-POSSE;E M MARIA ELIONDAS DOS SANTOS;21/10/2025;11/11/2025;136;71;64;57;62;60;38;13;20;47;21
2025;2;URG II-POSSE;E M PRESIDENTE GETULIO DORNELLES VARGAS;09/10/2025;10/10/2025;292;225;218;75;156;162;69;40;51;40;39
2025;2;URG II-POSSE;E M PROF CLAUDIA MARIA SALLES MONTEIRO DA SILVA;29/10/2025;29/10/2025;177;121;112;70;81;84;69;33;46;51;46
2025;2;URG II-POSSE;E M PROF THEREZINHA DA SILVA XAVIER;24/10/2025;24/10/2025;294;215;209;170;192;189;68;47;65;48;40
2025;2;URG II-POSSE;E M SAO BENEDITO;12/11/2025;13/11/2025;445;407;392;285;355;364;231;96;125;156;105
2025;2;URG II-POSSE;E M TABELIÃO MURILO COSTA;23/10/2025;24/10/2025;471;402;381;164;305;317;207;102;153;140;106
2025;2;URG II-POSSE;E M VEREADOR HELCIO CHAMBARELLI;16/10/2025;17/10/2025;352;298;284;176;243;245;76;30;38;49;26
2025;2;URG II-POSSE;E M VIRGILIO DE MELO FRANCO;20/10/2025;20/10/2025;267;256;252;12;174;178;95;54;78;46;37
2025;2;URG II-POSSE;EMEI JOSE VIEIRA JESUS;20/10/2025;23/10/2025;89;86;86;11;15;15;16;8;13;13;8
2025;3;URG III-COMENDADOR SOARES;CIEP BRIZOLAO 071 MAXIMIANO RIBEIRO DA SILVA;14/03/2025;16/04/2025;589;548;450;57;458;419;167;38;44;86;52
2025;3;URG III-COMENDADOR SOARES;CRECHE DONA JOANA CASA DO MENOR SÃO MIUGUEL ARCANJO;08/04/2025;08/04/2025;77;39;37;0;35;38;31;18;24;17;14
2025;3;URG III-COMENDADOR SOARES;CRECHE MUNICIPAL PROF MARIA IONE SALES DE OLIVEIRA;16/05/2025;16/05/2025;211;135;106;0;81;118;110;58;88;21;25
2025;3;URG III-COMENDADOR SOARES;E M ARMANDO PIRES;10/04/2025;11/04/2025;521;426;386;97;350;377;201;48;58;72;41
2025;3;URG III-COMENDADOR SOARES;E M COMPACTOR;14/03/2025;15/04/2025;267;230;208;133;198;215;153;63;85;64;32
2025;3;URG III-COMENDADOR SOARES;E M DOM ADRIANO HIPOLITO;24/04/2025;25/04/2025;443;287;237;21;236;253;154;47;53;59;52
2025;3;URG III-COMENDADOR SOARES;E M IVONETE DOS SANTOS ALVES;28/04/2025;30/04/2025;460;379;334;189;309;343;205;83;102;84;69
2025;3;URG III-COMENDADOR SOARES;E M JOSE RIBEIRO GUIMARAES;24/04/2025;28/04/2025;592;407;305;68;321;336;183;60;79;32;40
2025;3;URG III-COMENDADOR SOARES;E M MARINETE CAVALCANTE DE OLIVEIRA;10/04/2025;11/04/2025;411;345;258;84;285;301;180;58;70;40;50
2025;3;URG III-COMENDADOR SOARES;E M NICANOR GONCALVES PEREIRA;05/05/2025;06/05/2025;391;345;324;207;292;302;129;57;69;67;32
2025;3;URG III-COMENDADOR SOARES;E M PROF IRAMAR DA COSTA LIMA MIGUEL;28/04/2025;30/04/2025;905;742;567;25;631;668;224;67;85;101;70
2025;3;URG III-COMENDADOR SOARES;E M SOUZA E MELLO;15/05/2025;16/05/2025;488;397;375;101;349;362;237;97;130;54;75
2025;3;URG III-COMENDADOR SOARES;EMEI RODRIGO TWARDOWSKY ALVES;05/05/2025;05/05/2025;139;96;89;15;81;92;65;44;79;27;26
2025;3;URG III-COMENDADOR SOARES;NÚCLEO COMUNITÁRIO DE EDUCAÇÃO INFANTIL SÃO JOSÉ OPERÁRIO;null;null;62;0;0;0;0;0;0;0;0;0;0
2025;4;URG IV-CABUÇU;CENTRO INTEGRADO DE DESENVOLVIMENTO INFANTIL JUNENIL CIDI;06/05/2025;06/05/2025;145;105;93;16;94;91;66;29;54;13;10
2025;4;URG IV-CABUÇU;CRECHE ANTÔNIO PINHEIRO MAGALHÃES;05/06/2025;06/06/2025;96;59;54;20;50;57;55;22;32;20;13
2025;4;URG IV-CABUÇU;E M ABILIO RIBEIRO;16/06/2025;18/06/2025;555;526;500;130;419;438;152;100;131;56;41
2025;4;URG IV-CABUÇU;E M CAMPO ALEGRE;11/06/2025;12/06/2025;82;68;65;0;58;61;35;31;41;19;7
2025;4;URG IV-CABUÇU;E M CHAER KAZEN KALAOUN;30/06/2025;01/07/2025;628;511;481;0;449;445;182;117;133;97;70
2025;4;URG IV-CABUÇU;E M DARCILIO AYRES RAUNHEITTI;05/06/2025;11/06/2025;1202;1006;917;283;842;878;350;277;349;118;72
2025;4;URG IV-CABUÇU;E M DR JOSE FROES MACHADO;28/07/2025;30/07/2025;842;661;582;0;554;607;221;181;203;81;50
2025;4;URG IV-CABUÇU;E M DR RUY BERCOT DE MATTOS;03/06/2025;04/06/2025;474;420;395;93;360;363;170;128;184;86;59
2025;4;URG IV-CABUÇU;E M FRANCISCO DE OLIVEIRA;07/07/2025;08/07/2025;355;297;289;51;234;240;114;71;99;49;44
2025;4;URG IV-CABUÇU;E M IVANI VIGNE BABO;31/07/2025;01/08/2025;709;604;576;15;484;505;135;144;170;22;26
2025;4;URG IV-CABUÇU;E M JARDIM NOVA ERA;26/06/2025;27/06/2025;434;387;360;15;353;355;136;102;118;25;19
2025;4;URG IV-CABUÇU;E M PROF DULCE DE MOURA RAUNHEITTI RIBEIRO;30/06/2025;01/07/2025;316;305;298;37;232;239;129;92;102;50;23
2025;4;URG IV-CABUÇU;E M PROF EDNA UMBELINA DE SANT ANNA DA SILVA;25/06/2025;27/06/2025;620;542;509;81;450;463;260;181;213;88;54
2025;4;URG IV-CABUÇU;E M PROF ELIANA DE SOUZA PAPALEO MOURA ;04/07/2025;08/07/2025;735;650;626;38;437;417;100;90;126;45;19
2025;4;URG IV-CABUÇU;E M PROF JOAQUIM DE FREITAS;09/07/2025;10/07/2025;317;205;185;37;128;134;48;46;63;16;13
2025;4;URG IV-CABUÇU;E M PROF LEOPOLDINA MACHADO BARBOSA DE BARROS;23/06/2025;24/06/2025;441;367;263;80;296;318;99;68;99;45;24
2025;4;URG IV-CABUÇU;E M PROF MARIA CANDIDA SOBREIRA VIANNA;16/06/2025;18/06/2025;420;344;329;98;287;303;160;109;137;94;68
2025;4;URG IV-CABUÇU;E M PROF NABOR OTHUKI;02/07/2025;03/07/2025;414;364;315;0;300;323;179;119;144;67;38
2025;4;URG IV-CABUÇU;E M PROF NEWTON GONCALVES DE BARROS;18/06/2025;26/06/2025;542;483;459;20;403;418;220;142;175;147;89
2025;4;URG IV-CABUÇU;E M TRES MARIAS;04/08/2025;06/08/2025;878;751;674;26;654;688;283;190;248;134;81
2025;4;URG IV-CABUÇU;E M VISCONDE DE ITABORAI;09/06/2025;10/06/2025;202;191;157;0;120;133;69;63;82;34;17
2025;4;URG IV-CABUÇU;EM PROF ELIANA MARTINS MAIA;09/07/2025;10/07/2025;481;366;331;0;200;234;135;76;105;39;33
2025;4;URG IV-CABUÇU;EMEI LEILA MARIA CÔRTES SAMPAIO;12/06/2025;12/06/2025;115;73;57;0;62;69;64;33;49;9;8
2025;4;URG IV-CABUÇU;EMEI MONTE SOL;16/04/2025;16/04/2025;99;88;82;77;79;84;73;48;62;25;17
2025;4;URG IV-CABUÇU;EMEI NOVA ERA;04/07/2025;04/07/2025;184;97;86;22;87;91;69;38;59;2;10
2025;4;URG IV-CABUÇU;SOCIEDADE BENEFICIENTE DE CAMPO ALEGRE SOBEM  ;05/09/2025;12/09/2025;76;59;32;0;31;34;15;7;12;3;8
2025;5;URG V-KM 32;CIEP BRIZOLAO 033 ALFREDO DA ROCHA VIANA FILHO;05/09/2025;10/09/2025;723;539;483;99;427;464;118;76;97;46;38
2025;5;URG V-KM 32;CIEP BRIZOLAO 187 BENEDITO LARANJEIRAS;07/08/2025;11/08/2025;693;571;511;8;422;431;150;96;126;26;18
2025;5;URG V-KM 32;CIEP BRIZOLAO 325 AUSTREGESILO DE ATHAYDE;03/09/2025;09/09/2025;404;363;331;105;262;276;115;86;108;44;29
2025;5;URG V-KM 32;CIEP BRIZOLAO 360 PROF IARA SIMÃO VIEIRA;22/08/2025;27/08/2025;964;733;627;95;572;547;245;158;215;88;67
2025;5;URG V-KM 32;CIEP BRIZOLAO 373 BRIGADEIRO TEIXEIRA;04/08/2025;07/08/2025;413;377;343;105;317;306;117;42;55;75;47
2025;5;URG V-KM 32;E M ALFREDO JOSE SOARES;12/08/2025;13/08/2025;384;305;280;0;259;278;161;105;133;159;78
2025;5;URG V-KM 32;E M ALFREDO PEREIRA DE MAGALHAES;12/08/2025;15/08/2025;964;911;813;11;598;693;141;71;82;53;31
2025;5;URG V-KM 32;E M ERYK DA CRUZ LAIA;28/08/2025;02/09/2025;703;521;472;22;371;378;188;120;144;87;24
2025;5;URG V-KM 32;E M JOSE REIS;28/07/2025;29/07/2025;470;434;431;70;305;318;80;78;89;66;47
2025;5;URG V-KM 32;E M PERA FLOR;18/08/2025;22/08/2025;947;860;792;52;715;720;350;240;301;103;78
2025;5;URG V-KM 32;E M PROF AIMEE CARREIRO FIGUEIREDO;19/08/2025;19/08/2025;349;285;274;0;263;264;114;69;77;46;38
2025;5;URG V-KM 32;E M PROF CREUZA ALARCAO SOBRAL;08/08/2025;12/08/2025;470;357;328;28;298;318;208;134;149;33;62
2025;5;URG V-KM 32;E M PROF LEONARDO CARIELO DE ALMEIDA;22/08/2025;27/08/2025;632;534;465;28;427;451;144;108;134;93;73
2025;5;URG V-KM 32;E M PROF MARLY TUPACINUNGA DE MATTOS;20/08/2025;21/08/2025;503;481;430;0;401;416;117;81;101;48;30
2025;5;URG V-KM 32;E M PROF PRISCILLA BOUCAS VILLA NOVA;02/09/2025;08/09/2025;546;491;439;57;412;422;172;78;95;57;40
2025;5;URG V-KM 32;E M SHANGRI LA;01/08/2025;04/08/2025;325;264;251;10;197;212;81;60;69;16;10
2025;5;URG V-KM 32;E M VILA JOAO CORREA;14/08/2025;15/08/2025;514;457;413;5;384;419;166;114;153;43;51
2025;5;URG V-KM 32;EMEI HELIO MONTEZANO DE OLIVEIRA;11/07/2025;11/07/2025;106;66;59;37;59;65;58;32;48;0;0
2025;5;URG V-KM 32;EMEI JARDIM EUROPA;11/07/2025;11/07/2025;128;53;45;11;36;48;43;32;36;3;4
2025;5;URG V-KM 32;EMEI NISIA SOUZA MARCONDES;30/07/2025;30/07/2025;112;82;76;0;70;78;49;35;57;24;31
2025;5;URG V-KM 32;EMEI PATRICIA M GASPAR SOMMA PEREIRA;31/07/2025;31/07/2025;84;42;41;0;27;30;29;14;20;11;5
2025;6;URG VI-AUSTIN;CRECHE MUNICIPAL PROF.CARLOS ALBERTO HORTA AVELINO;14/05/2025;14/05/2025;88;45;33;0;36;45;41;29;41;11;8
2025;6;URG VI-AUSTIN;E M ALTHAIR PIMENTA DE MORAES;13/05/2025;15/05/2025;821;651;548;133;512;553;237;131;196;124;83
2025;6;URG VI-AUSTIN;E M DR JOSE BRIGAGAO FERREIRA;19/05/2025;20/05/2025;257;213;198;69;186;195;131;96;138;48;35
2025;6;URG VI-AUSTIN;E M DR ODIR ARAUJO;09/05/2025;09/05/2025;222;182;170;39;149;154;126;31;41;25;35
2025;6;URG VI-AUSTIN;E M GOVERNADOR LEONEL DE MOURA BRIZOLA;30/05/2025;04/06/2025;943;808;717;132;626;668;176;139;176;70;56
2025;6;URG VI-AUSTIN;E M JOSE DE ANCHIETA;12/05/2025;13/05/2025;245;221;212;93;202;203;107;40;56;48;34
2025;6;URG VI-AUSTIN;E M JOSE LUIZ DA SILVA;28/05/2025;29/05/2025;485;425;401;96;367;348;230;148;195;103;75
2025;6;URG VI-AUSTIN;E M KERMA MOREIRA FRANCO;28/05/2025;02/06/2025;845;724;675;52;600;630;185;131;193;47;25
2025;6;URG VI-AUSTIN;E M NENA RODRIGUES;07/05/2025;08/05/2025;303;293;257;0;250;264;108;46;67;48;39
2025;6;URG VI-AUSTIN;E M PROF ENILZA BARROS DOS SANTOS CHICONELLI;19/05/2025;22/05/2025;1023;882;807;205;741;783;323;248;347;111;110
2025;6;URG VI-AUSTIN;E M PROF FRANKLIN BOLIVAR FERNANDES;09/05/2025;12/05/2025;502;356;298;184;299;310;117;55;82;49;36
2025;6;URG VI-AUSTIN;E M PROF MARCIO CAULINO SOARES;23/05/2025;27/05/2025;849;789;748;178;683;681;315;221;302;79;72
2025;6;URG VI-AUSTIN;E M RUI BARBOSA;07/05/2025;08/05/2025;448;387;375;188;335;354;184;86;139;50;51
2025;6;URG VI-AUSTIN;E M WALFREDO DA SILVA LESSA;23/05/2025;27/05/2025;635;557;482;41;455;474;205;177;251;53;50
2025;6;URG VI-AUSTIN;EMEI OLGA CELESTINA GILIBERTI ALMEIDA;21/05/2025;21/05/2025;180;134;128;22;123;123;90;61;102;35;32
2025;6;URG VI-AUSTIN;EMEI VILA SAO MIGUEL;22/05/2025;22/05/2025;81;68;60;36;60;64;61;37;67;24;17
2025;7;URG VII-VILA DE CAVA;CENTRO COMUNITÁRIO SÃO SEBASTIÃO DE VILA DE CAVA CECOM;27/03/2025;27/03/2025;174;81;67;0;74;75;30;11;22;10;6
2025;7;URG VII-VILA DE CAVA;CENTRO COMUNITÁRIO SÃO SEBASTIÃO DE VILA DE CAVA CECOM FÉ E ESPERANÇA;02/04/2025;12/09/2025;111;99;90;0;65;73;15;28;33;7;4
2025;7;URG VII-VILA DE CAVA;CRECHE MUNICIPAL PROF. DENISE FERNANDES DA SILVA PAULINO;01/04/2025;01/04/2025;44;36;36;0;35;36;31;2;3;0;0
2025;7;URG VII-VILA DE CAVA;CRECHE MUNICIPAL PROF. LUCIANA COSTA MARTINS;27/03/2025;27/03/2025;114;64;48;0;43;50;36;11;15;2;8
2025;7;URG VII-VILA DE CAVA;E M ADRIANOPOLIS;05/11/2025;05/11/2025;80;64;58;40;44;40;17;5;9;8;1
2025;7;URG VII-VILA DE CAVA;E M AMERICA XAVIER DA SILVEIRA;18/03/2025;19/03/2025;531;450;406;200;406;423;159;62;71;52;41
2025;7;URG VII-VILA DE CAVA;E M AMINTHAS PEREIRA;17/03/2025;17/03/2025;292;245;241;0;231;232;113;34;36;79;46
2025;7;URG VII-VILA DE CAVA;E M BARAO DO GUANDU;03/11/2025;03/11/2025;160;96;46;7;86;84;22;8;10;16;15
2025;7;URG VII-VILA DE CAVA;E M DR JUVENIL DE SOUZA LOPES;03/04/2025;03/04/2025;191;159;149;0;133;138;55;19;19;13;8
2025;7;URG VII-VILA DE CAVA;E M JOSÉ PACIFICO;02/04/2025;09/04/2025;748;606;554;29;510;531;281;56;75;119;73
2025;7;URG VII-VILA DE CAVA;E M MARCILIO DIAS;07/04/2025;09/04/2025;624;551;502;110;439;463;192;52;62;88;65
2025;7;URG VII-VILA DE CAVA;E M ORESTES BERNARDO CABRAL;31/03/2025;01/04/2025;965;395;298;0;284;350;182;42;49;117;76
2025;7;URG VII-VILA DE CAVA;E M PROF IRENE DA SILVA OLIVEIRA;20/03/2025;01/04/2025;683;477;422;68;399;416;127;44;46;44;35
2025;7;URG VII-VILA DE CAVA;E M PROF LUCIA HELENA DE LIMA;25/03/2025;26/03/2025;435;364;354;0;340;349;107;39;40;54;44
2025;7;URG VII-VILA DE CAVA;EMEI GLAUCO JOSE VAZ GONCALVES;31/03/2025;31/03/2025;82;49;46;0;48;49;46;13;21;26;15
2025;8;URG VIII-MIGUEL COUTO;CRECHE MUNICIPAL ELISABETE CARDOSO BARBOSA ARAÚJO;24/03/2025;24/03/2025;73;54;51;0;47;49;41;7;14;0;0
2025;8;URG VIII-MIGUEL COUTO;E M ANTONIO PINHEIRO GUIMARAES VICTORY;24/02/2025;24/02/2025;369;253;239;0;232;228;100;47;53;36;28
2025;8;URG VIII-MIGUEL COUTO;E M AYRTON SENNA;12/03/2025;14/03/2025;537;433;398;0;374;389;152;44;50;53;52
2025;8;URG VIII-MIGUEL COUTO;E M FLOR DE LIS;17/03/2025;18/03/2025;415;356;336;0;312;319;176;40;43;90;68
2025;8;URG VIII-MIGUEL COUTO;E M JANIR CLEMENTINO PEREIRA;12/03/2025;26/03/2025;1031;902;746;261;708;705;212;93;101;67;47
2025;8;URG VIII-MIGUEL COUTO;E M PAULO ROBERTO FIORENZANO ARAUJO;10/03/2025;13/03/2025;442;395;353;162;289;321;111;43;50;24;24
2025;8;URG VIII-MIGUEL COUTO;E M PROF ANNA MARIA RAMALHO;25/02/2025;26/02/2025;646;483;445;0;400;435;209;59;80;141;81
2025;8;URG VIII-MIGUEL COUTO;E M PROF DARCY RIBEIRO;10/03/2025;11/03/2025;617;506;462;0;444;401;98;37;59;39;28
2025;8;URG VIII-MIGUEL COUTO;E M PROF HAULER DA SILVA FERREIRA;24/03/2025;26/03/2025;599;544;534;0;473;486;205;46;50;106;68
2025;8;URG VIII-MIGUEL COUTO;E M PROF RUY AFRANIO PEIXOTO;25/02/2025;26/02/2025;710;488;396;0;434;441;134;53;58;39;25
2025;8;URG VIII-MIGUEL COUTO;E M SAO MIGUEL ARCANJO;19/03/2025;19/03/2025;274;223;218;0;195;200;116;35;37;60;28
2025;8;URG VIII-MIGUEL COUTO;EMEI AMBAI;20/03/2025;20/03/2025;103;64;58;0;62;61;46;15;28;23;15
2025;8;URG VIII-MIGUEL COUTO;EMEI CASA DA CRIANCA DE MIGUEL COUTO;21/03/2025;21/03/2025;82;49;45;0;48;48;48;21;29;17;23
2025;8;URG VIII-MIGUEL COUTO;GRUPO AÇÃO COMUNITÁRIO CORAÇÃO DE MÃE;24/02/2025;24/02/2025;80;28;24;0;26;25;27;14;22;2;9
2025;9;URG IX-TINGUA;E M BARAO DE TINGUA;07/11/2025;07/11/2025;390;304;301;110;272;264;24;14;21;14;13
2025;9;URG IX-TINGUA;E M DE JACERUBA;05/11/2025;06/11/2025;153;147;146;46;113;101;7;19;28;5;3
2025;9;URG IX-TINGUA;E M JARDIM MONTEVIDEO;04/11/2025;04/11/2025;129;100;88;0;73;82;42;33;48;18;17
2025;9;URG IX-TINGUA;E M PROF LUCIA VIANA CAPELLI;10/11/2025;10/11/2025;258;227;217;0;167;161;63;42;70;32;22
2025;9;URG IX-TINGUA;E M PROF THEREZINHA DE JESUS ARAUJO HERMIDA;11/11/2025;11/11/2025;284;226;200;9;200;204;88;66;98;60;43
2025;9;URG IX-TINGUA;E M VALE DO TINGUA;06/11/2025;06/11/2025;214;181;178;0;126;131;39;30;51;27;20
2025;9;URG IX-TINGUA;EMEI TERRA DE MARAMBAIA;03/11/2025;03/11/2025;82;71;68;35;44;50;47;19;24;22;29
2026;1;URG I-CENTRO;ASSOCIAÇÃO CRESCENDO COM CRISTO;null;null;0;0;0;0;0;0;0;0;0;0;0
2026;1;URG I-CENTRO;CAIESP CASTORINA FARIA LIMA;null;null;0;0;0;0;0;0;0;0;0;0;0
2026;1;URG I-CENTRO;CRECHE MUNICIPAL PROF. MARIA APARECIDA DE SOUZA;null;null;0;0;0;0;0;0;0;0;0;0;0
2026;1;URG I-CENTRO;CRECHE MUNICIPAL PROF. MARIA LUZIANA RODRIGUES CHAVES;null;null;0;0;0;0;0;0;0;0;0;0;0
2026;1;URG I-CENTRO;E M CAPISTRANO DE ABREU;null;null;0;0;0;0;0;0;0;0;0;0;0
2026;1;URG I-CENTRO;E M CAPITÃO SILVINO AZEREDO;null;null;0;0;0;0;0;0;0;0;0;0;0
2026;1;URG I-CENTRO;E M DR RUBENS FALCAO;null;null;0;0;0;0;0;0;0;0;0;0;0
2026;1;URG I-CENTRO;E M DR THIBAU;null;null;0;0;0;0;0;0;0;0;0;0;0
2026;1;URG I-CENTRO;E M ENGENHO PEQUENO;null;null;0;0;0;0;0;0;0;0;0;0;0
2026;1;URG I-CENTRO;E M FRANCA CARVALHO;null;null;0;0;0;0;0;0;0;0;0;0;0
2026;1;URG I-CENTRO;E M HEITOR DANTAS;null;null;0;0;0;0;0;0;0;0;0;0;0
2026;1;URG I-CENTRO;E M JANICI FERREIRA MAIA ;null;null;0;0;0;0;0;0;0;0;0;0;0
2026;1;URG I-CENTRO;E M JULIO RABELLO GUIMARAES;null;null;0;0;0;0;0;0;0;0;0;0;0
2026;1;URG I-CENTRO;E M MANOEL JOAO GONCALVES;null;null;0;0;0;0;0;0;0;0;0;0;0
2026;1;URG I-CENTRO;E M MARECHAL MASCARENHAS DE MORAES;null;null;0;0;0;0;0;0;0;0;0;0;0
2026;1;URG I-CENTRO;E M MENINOS DE DEUS;null;null;0;0;0;0;0;0;0;0;0;0;0
2026;1;URG I-CENTRO;E M MONTEIRO LOBATO;null;null;0;0;0;0;0;0;0;0;0;0;0
2026;1;URG I-CENTRO;E M PADRE AGOSTINHO PRETTO;null;null;0;0;0;0;0;0;0;0;0;0;0
2026;1;URG I-CENTRO;E M PROF AMAZOR VIEIRA BORGES;null;null;0;0;0;0;0;0;0;0;0;0;0
2026;1;URG I-CENTRO;E M PROF EMILIO LUIZ PEDROSO ARAUJO;null;null;0;0;0;0;0;0;0;0;0;0;0
2026;1;URG I-CENTRO;E M PROF IZABEL DOS SANTOS SOARES MELLO;null;null;0;0;0;0;0;0;0;0;0;0;0
2026;1;URG I-CENTRO;E M PROF ORNELIA LIPPI ASSUMPCAO;null;null;0;0;0;0;0;0;0;0;0;0;0
2026;1;URG I-CENTRO;E M PROF OSIRES NEVES;null;null;0;0;0;0;0;0;0;0;0;0;0
2026;1;URG I-CENTRO;E M PROF PAULO FREIRE;null;null;0;0;0;0;0;0;0;0;0;0;0
2026;1;URG I-CENTRO;E M PROF RUY DE QUEIROZ;null;null;0;0;0;0;0;0;0;0;0;0;0
2026;1;URG I-CENTRO;E.M PROF EDIVALDO BARROS DE OLIVEIRA;null;null;0;0;0;0;0;0;0;0;0;0;0
2026;1;URG I-CENTRO;EMEI JESUS BOM PASTOR;null;null;0;0;0;0;0;0;0;0;0;0;0
2026;1;URG I-CENTRO;EMEI SAO BENEDITO;null;null;0;0;0;0;0;0;0;0;0;0;0
2026;1;URG I-CENTRO;SOCIEDADE FILANTRÓPICA SÃO VICENTE PATRONATO;null;null;0;0;0;0;0;0;0;0;0;0;0
2026;2;URG II-POSSE;AVICRES ASSOCIAÇÃO VIDA NO CRESCIMENTO E NA SOLIDARIEDADE;null;null;0;0;0;0;0;0;0;0;0;0;0
2026;2;URG II-POSSE;C M E E ESPECIAL PAUL HARRIS;null;null;0;0;0;0;0;0;0;0;0;0;0
2026;2;URG II-POSSE;CIEP BRIZOLAO 099 DR BOLIVARD GOMES DE ASSUMPCAO;null;null;0;0;0;0;0;0;0;0;0;0;0
2026;2;URG II-POSSE;CRECHE EDUNCANDÁRIO SÃO LÁZARO - AELO;null;null;0;0;0;0;0;0;0;0;0;0;0
2026;2;URG II-POSSE;CRECHE MUNICIPAL PROF ANA CLÁUDIA MARTINS DE SOUZA;null;null;0;0;0;0;0;0;0;0;0;0;0
2026;2;URG II-POSSE;E M DOUGLAS BRASIL;null;null;0;0;0;0;0;0;0;0;0;0;0
2026;2;URG II-POSSE;E M DR ORLANDO MELLO;null;null;0;0;0;0;0;0;0;0;0;0;0
2026;2;URG II-POSSE;E M ESTANISLAU RIBEIRO DO AMARAL;null;null;0;0;0;0;0;0;0;0;0;0;0
2026;2;URG II-POSSE;E M GUINLE;null;null;0;0;0;0;0;0;0;0;0;0;0
2026;2;URG II-POSSE;E M HERBERT MOSES;null;null;0;0;0;0;0;0;0;0;0;0;0
2026;2;URG II-POSSE;E M LUIZ DE LEMOS;null;null;0;0;0;0;0;0;0;0;0;0;0
2026;2;URG II-POSSE;E M MARIA ELIONDAS DOS SANTOS;null;null;0;0;0;0;0;0;0;0;0;0;0
2026;2;URG II-POSSE;E M PRESIDENTE GETULIO DORNELLES VARGAS;null;null;0;0;0;0;0;0;0;0;0;0;0
2026;2;URG II-POSSE;E M PROF CLAUDIA MARIA SALLES MONTEIRO DA SILVA;null;null;0;0;0;0;0;0;0;0;0;0;0
2026;2;URG II-POSSE;E M PROF THEREZINHA DA SILVA XAVIER;null;null;0;0;0;0;0;0;0;0;0;0;0
2026;2;URG II-POSSE;E M SAO BENEDITO;null;null;0;0;0;0;0;0;0;0;0;0;0
2026;2;URG II-POSSE;E M TABELIÃO MURILO COSTA;null;null;0;0;0;0;0;0;0;0;0;0;0
2026;2;URG II-POSSE;E M VEREADOR HELCIO CHAMBARELLI;null;null;0;0;0;0;0;0;0;0;0;0;0
2026;2;URG II-POSSE;E M VIRGILIO DE MELO FRANCO;null;null;0;0;0;0;0;0;0;0;0;0;0
2026;2;URG II-POSSE;EMEI JOSE VIEIRA JESUS;null;null;0;0;0;0;0;0;0;0;0;0;0
2026;3;URG III-COMENDADOR SOARES;CIEP BRIZOLAO 071 MAXIMIANO RIBEIRO DA SILVA;null;null;0;0;0;0;0;0;0;0;0;0;0
2026;3;URG III-COMENDADOR SOARES;CRECHE DONA JOANA CASA DO MENOR SÃO MIUGUEL ARCANJO;null;null;0;0;0;0;0;0;0;0;0;0;0
2026;3;URG III-COMENDADOR SOARES;CRECHE MUNICIPAL PROF MARIA IONE SALES DE OLIVEIRA;null;null;0;0;0;0;0;0;0;0;0;0;0
2026;3;URG III-COMENDADOR SOARES;E M ARMANDO PIRES;null;null;0;0;0;0;0;0;0;0;0;0;0
2026;3;URG III-COMENDADOR SOARES;E M COMPACTOR;null;null;0;0;0;0;0;0;0;0;0;0;0
2026;3;URG III-COMENDADOR SOARES;E M DOM ADRIANO HIPOLITO;null;null;0;0;0;0;0;0;0;0;0;0;0
2026;3;URG III-COMENDADOR SOARES;E M IVONETE DOS SANTOS ALVES;null;null;0;0;0;0;0;0;0;0;0;0;0
2026;3;URG III-COMENDADOR SOARES;E M JOSE RIBEIRO GUIMARAES;null;null;0;0;0;0;0;0;0;0;0;0;0
2026;3;URG III-COMENDADOR SOARES;E M MARINETE CAVALCANTE DE OLIVEIRA;null;null;0;0;0;0;0;0;0;0;0;0;0
2026;3;URG III-COMENDADOR SOARES;E M NICANOR GONCALVES PEREIRA;null;null;0;0;0;0;0;0;0;0;0;0;0
2026;3;URG III-COMENDADOR SOARES;E M PROF IRAMAR DA COSTA LIMA MIGUEL;null;null;0;0;0;0;0;0;0;0;0;0;0
2026;3;URG III-COMENDADOR SOARES;E M SOUZA E MELLO;null;null;0;0;0;0;0;0;0;0;0;0;0
2026;3;URG III-COMENDADOR SOARES;E.M PROF. MARA BUY FABRI;null;null;0;0;0;0;0;0;0;0;0;0;0
2026;3;URG III-COMENDADOR SOARES;EMEI RODRIGO TWARDOWSKY ALVES;null;null;0;0;0;0;0;0;0;0;0;0;0
2026;3;URG III-COMENDADOR SOARES;NÚCLEO COMUNITÁRIO DE EDUCAÇÃO INFANTIL SÃO JOSÉ OPERÁRIO;null;null;0;0;0;0;0;0;0;0;0;0;0
2026;4;URG IV-CABUÇU;CENTRO INTEGRADO DE DESENVOLVIMENTO INFANTIL JUNENIL CIDI;null;null;0;0;0;0;0;0;0;0;0;0;0
2026;4;URG IV-CABUÇU;CRECHE ANTÔNIO PINHEIRO MAGALHÃES;null;null;0;0;0;0;0;0;0;0;0;0;0
2026;4;URG IV-CABUÇU;E M ABILIO RIBEIRO;null;null;0;0;0;0;0;0;0;0;0;0;0
2026;4;URG IV-CABUÇU;E M CAMPO ALEGRE;null;null;0;0;0;0;0;0;0;0;0;0;0
2026;4;URG IV-CABUÇU;E M CHAER KAZEN KALAOUN;null;null;0;0;0;0;0;0;0;0;0;0;0
2026;4;URG IV-CABUÇU;E M DARCILIO AYRES RAUNHEITTI;null;null;0;0;0;0;0;0;0;0;0;0;0
2026;4;URG IV-CABUÇU;E M DR JOSE FROES MACHADO;null;null;0;0;0;0;0;0;0;0;0;0;0
2026;4;URG IV-CABUÇU;E M DR RUY BERCOT DE MATTOS;null;null;0;0;0;0;0;0;0;0;0;0;0
2026;4;URG IV-CABUÇU;E M FRANCISCO DE OLIVEIRA;null;null;0;0;0;0;0;0;0;0;0;0;0
2026;4;URG IV-CABUÇU;E M IVANI VIGNE BABO;null;null;0;0;0;0;0;0;0;0;0;0;0
2026;4;URG IV-CABUÇU;E M JARDIM NOVA ERA;null;null;0;0;0;0;0;0;0;0;0;0;0
2026;4;URG IV-CABUÇU;E M PROF DULCE DE MOURA RAUNHEITTI RIBEIRO;null;null;0;0;0;0;0;0;0;0;0;0;0
2026;4;URG IV-CABUÇU;E M PROF EDNA UMBELINA DE SANT ANNA DA SILVA;null;null;0;0;0;0;0;0;0;0;0;0;0
2026;4;URG IV-CABUÇU;E M PROF ELIANA DE SOUZA PAPALEO MOURA ;null;null;0;0;0;0;0;0;0;0;0;0;0
2026;4;URG IV-CABUÇU;E M PROF JOAQUIM DE FREITAS;null;null;0;0;0;0;0;0;0;0;0;0;0
2026;4;URG IV-CABUÇU;E M PROF LEOPOLDINA MACHADO BARBOSA DE BARROS;null;null;0;0;0;0;0;0;0;0;0;0;0
2026;4;URG IV-CABUÇU;E M PROF MARIA CANDIDA SOBREIRA VIANNA;null;null;0;0;0;0;0;0;0;0;0;0;0
2026;4;URG IV-CABUÇU;E M PROF NABOR OTHUKI;null;null;0;0;0;0;0;0;0;0;0;0;0
2026;4;URG IV-CABUÇU;E M PROF NEWTON GONCALVES DE BARROS;null;null;0;0;0;0;0;0;0;0;0;0;0
2026;4;URG IV-CABUÇU;E M TRES MARIAS;null;null;0;0;0;0;0;0;0;0;0;0;0
2026;4;URG IV-CABUÇU;E M VISCONDE DE ITABORAI;null;null;0;0;0;0;0;0;0;0;0;0;0
2026;4;URG IV-CABUÇU;EM PROF ELIANA MARTINS MAIA;null;null;0;0;0;0;0;0;0;0;0;0;0
2026;4;URG IV-CABUÇU;EMEI LEILA MARIA CÔRTES SAMPAIO;null;null;0;0;0;0;0;0;0;0;0;0;0
2026;4;URG IV-CABUÇU;EMEI MONTE SOL;null;null;0;0;0;0;0;0;0;0;0;0;0
2026;4;URG IV-CABUÇU;EMEI NOVA ERA;null;null;0;0;0;0;0;0;0;0;0;0;0
2026;4;URG IV-CABUÇU;SOCIEDADE BENEFICIENTE DE CAMPO ALEGRE SOBEM  ;null;null;0;0;0;0;0;0;0;0;0;0;0
2026;5;URG V-KM 32;CIEP BRIZOLAO 033 ALFREDO DA ROCHA VIANA FILHO;null;null;0;0;0;0;0;0;0;0;0;0;0
2026;5;URG V-KM 32;CIEP BRIZOLAO 187 BENEDITO LARANJEIRAS;null;null;0;0;0;0;0;0;0;0;0;0;0
2026;5;URG V-KM 32;CIEP BRIZOLAO 325 AUSTREGESILO DE ATHAYDE;null;null;0;0;0;0;0;0;0;0;0;0;0
2026;5;URG V-KM 32;CIEP BRIZOLAO 360 PROF IARA SIMÃO VIEIRA;null;null;0;0;0;0;0;0;0;0;0;0;0
2026;5;URG V-KM 32;CIEP BRIZOLAO 373 BRIGADEIRO TEIXEIRA;null;null;0;0;0;0;0;0;0;0;0;0;0
2026;5;URG V-KM 32;E M ALFREDO JOSE SOARES;null;null;0;0;0;0;0;0;0;0;0;0;0
2026;5;URG V-KM 32;E M ALFREDO PEREIRA DE MAGALHAES;null;null;0;0;0;0;0;0;0;0;0;0;0
2026;5;URG V-KM 32;E M ERYK DA CRUZ LAIA;null;null;0;0;0;0;0;0;0;0;0;0;0
2026;5;URG V-KM 32;E M JOSE REIS;null;null;0;0;0;0;0;0;0;0;0;0;0
2026;5;URG V-KM 32;E M PERA FLOR;null;null;0;0;0;0;0;0;0;0;0;0;0
2026;5;URG V-KM 32;E M PROF AIMEE CARREIRO FIGUEIREDO;null;null;0;0;0;0;0;0;0;0;0;0;0
2026;5;URG V-KM 32;E M PROF CREUZA ALARCAO SOBRAL;null;null;0;0;0;0;0;0;0;0;0;0;0
2026;5;URG V-KM 32;E M PROF LEONARDO CARIELO DE ALMEIDA;null;null;0;0;0;0;0;0;0;0;0;0;0
2026;5;URG V-KM 32;E M PROF MARLY TUPACINUNGA DE MATTOS;null;null;0;0;0;0;0;0;0;0;0;0;0
2026;5;URG V-KM 32;E M PROF PRISCILLA BOUCAS VILLA NOVA;null;null;0;0;0;0;0;0;0;0;0;0;0
2026;5;URG V-KM 32;E M SHANGRI LA;null;null;0;0;0;0;0;0;0;0;0;0;0
2026;5;URG V-KM 32;E M VILA JOAO CORREA;null;null;0;0;0;0;0;0;0;0;0;0;0
2026;5;URG V-KM 32;EMEI HELIO MONTEZANO DE OLIVEIRA;null;null;0;0;0;0;0;0;0;0;0;0;0
2026;5;URG V-KM 32;EMEI JARDIM EUROPA;null;null;0;0;0;0;0;0;0;0;0;0;0
2026;5;URG V-KM 32;EMEI NISIA SOUZA MARCONDES;null;null;0;0;0;0;0;0;0;0;0;0;0
2026;5;URG V-KM 32;EMEI PATRICIA M GASPAR SOMMA PEREIRA;null;null;0;0;0;0;0;0;0;0;0;0;0
2026;6;URG VI-AUSTIN;CRECHE MUNICIPAL PROF.CARLOS ALBERTO HORTA AVELINO;null;null;0;0;0;0;0;0;0;0;0;0;0
2026;6;URG VI-AUSTIN;E M ALTHAIR PIMENTA DE MORAES;null;null;0;0;0;0;0;0;0;0;0;0;0
2026;6;URG VI-AUSTIN;E M DR JOSE BRIGAGAO FERREIRA;null;null;0;0;0;0;0;0;0;0;0;0;0
2026;6;URG VI-AUSTIN;E M DR ODIR ARAUJO;null;null;0;0;0;0;0;0;0;0;0;0;0
2026;6;URG VI-AUSTIN;E M GOVERNADOR LEONEL DE MOURA BRIZOLA;null;null;0;0;0;0;0;0;0;0;0;0;0
2026;6;URG VI-AUSTIN;E M JOSE DE ANCHIETA;null;null;0;0;0;0;0;0;0;0;0;0;0
2026;6;URG VI-AUSTIN;E M JOSE LUIZ DA SILVA;null;null;0;0;0;0;0;0;0;0;0;0;0
2026;6;URG VI-AUSTIN;E M KERMA MOREIRA FRANCO;null;null;0;0;0;0;0;0;0;0;0;0;0
2026;6;URG VI-AUSTIN;E M NENA RODRIGUES;null;null;0;0;0;0;0;0;0;0;0;0;0
2026;6;URG VI-AUSTIN;E M PROF ENILZA BARROS DOS SANTOS CHICONELLI;null;null;0;0;0;0;0;0;0;0;0;0;0
2026;6;URG VI-AUSTIN;E M PROF FRANKLIN BOLIVAR FERNANDES;null;null;0;0;0;0;0;0;0;0;0;0;0
2026;6;URG VI-AUSTIN;E M PROF MARCIO CAULINO SOARES;null;null;0;0;0;0;0;0;0;0;0;0;0
2026;6;URG VI-AUSTIN;E M RUI BARBOSA;null;null;0;0;0;0;0;0;0;0;0;0;0
2026;6;URG VI-AUSTIN;E M WALFREDO DA SILVA LESSA;null;null;0;0;0;0;0;0;0;0;0;0;0
2026;6;URG VI-AUSTIN;EMEI OLGA CELESTINA GILIBERTI ALMEIDA;null;null;0;0;0;0;0;0;0;0;0;0;0
2026;6;URG VI-AUSTIN;EMEI VILA SAO MIGUEL;null;null;0;0;0;0;0;0;0;0;0;0;0
2026;7;URG VII-VILA DE CAVA;CENTRO COMUNITÁRIO SÃO SEBASTIÃO DE VILA DE CAVA CECOM;null;null;316;0;0;0;0;0;0;0;0;0;0
2026;7;URG VII-VILA DE CAVA;CENTRO COMUNITÁRIO SÃO SEBASTIÃO DE VILA DE CAVA CECOM FÉ E ESPERANÇA;null;null;0;0;0;0;0;0;0;0;0;0;0
2026;7;URG VII-VILA DE CAVA;CRECHE MUNICIPAL PROF. DENISE FERNANDES DA SILVA PAULINO;25/03/2026;null;45;35;29;30;0;30;31;4;11;20;16
2026;7;URG VII-VILA DE CAVA;CRECHE MUNICIPAL PROF. LUCIANA COSTA MARTINS;24/03/2026;null;127;105;104;79;0;91;66;10;23;42;34
2026;7;URG VII-VILA DE CAVA;E M ADRIANOPOLIS;null;null;0;0;0;0;0;0;0;0;0;0;0
2026;7;URG VII-VILA DE CAVA;E M AMERICA XAVIER DA SILVEIRA;13/03/2026;16/03/2026;521;464;410;372;373;383;150;34;52;107;67
2026;7;URG VII-VILA DE CAVA;E M AMINTHAS PEREIRA;12/03/2026;12/03/2026;291;289;285;178;198;201;136;23;27;110;87
2026;7;URG VII-VILA DE CAVA;E M BARAO DO GUANDU;null;null;0;0;0;0;0;0;0;0;0;0;0
2026;7;URG VII-VILA DE CAVA;E M DR JUVENIL DE SOUZA LOPES;24/03/2026;null;234;204;188;170;164;179;57;21;40;33;26
2026;7;URG VII-VILA DE CAVA;E M JOSÉ PACIFICO;25/03/2026;null;739;128;103;83;83;108;66;26;52;62;37
2026;7;URG VII-VILA DE CAVA;E M MARCILIO DIAS;null;null;629;0;0;0;0;0;0;0;0;0;0
2026;7;URG VII-VILA DE CAVA;E M ORESTES BERNARDO CABRAL;null;null;943;0;0;0;0;0;0;0;0;0;0
2026;7;URG VII-VILA DE CAVA;E M PROF IRENE DA SILVA OLIVEIRA;17/03/2026;19/03/2026;623;544;507;417;294;440;106;14;21;84;47
2026;7;URG VII-VILA DE CAVA;E M PROF LUCIA HELENA DE LIMA;20/03/2026;23/03/2026;485;383;370;295;306;314;93;28;38;65;56
2026;7;URG VII-VILA DE CAVA;EMEI GLAUCO JOSE VAZ GONCALVES;null;null;85;0;0;0;0;0;0;0;0;0;0
2026;7;URG VII-VILA DE CAVA;IDRSH VIVENDO EM GRAÇAS;null;null;0;0;0;0;0;0;0;0;0;0;0
2026;8;URG VIII-MIGUEL COUTO;CRECHE MUNICIPAL ELISABETE CARDOSO BARBOSA ARAÚJO;17/12/2025;19/03/2026;99;83;81;70;0;68;45;1;2;16;19
2026;8;URG VIII-MIGUEL COUTO;E M ANTONIO PINHEIRO GUIMARAES VICTORY;02/03/2026;02/03/2026;426;322;282;226;0;232;133;27;40;87;81
2026;8;URG VIII-MIGUEL COUTO;E M AYRTON SENNA;09/03/2026;12/03/2026;518;433;418;336;346;360;107;7;7;102;56
2026;8;URG VIII-MIGUEL COUTO;E M FLOR DE LIS;12/03/2026;13/03/2026;487;400;364;241;224;263;148;36;55;93;85
2026;8;URG VIII-MIGUEL COUTO;E M JANIR CLEMENTINO PEREIRA;09/03/2026;11/03/2026;985;972;889;756;713;711;173;43;49;129;82
2026;8;URG VIII-MIGUEL COUTO;E M PAULO ROBERTO FIORENZANO ARAUJO;05/03/2026;09/03/2026;421;387;346;275;293;318;105;22;30;77;56
2026;8;URG VIII-MIGUEL COUTO;E M PROF ANNA MARIA RAMALHO;03/03/2026;04/03/2026;624;534;456;413;346;452;216;43;68;115;63
2026;8;URG VIII-MIGUEL COUTO;E M PROF DARCY RIBEIRO;05/03/2026;06/03/2026;582;480;439;417;415;403;110;25;36;51;56
2026;8;URG VIII-MIGUEL COUTO;E M PROF HAULER DA SILVA FERREIRA;19/03/2026;23/03/2026;590;498;446;391;396;415;171;25;33;159;88
2026;8;URG VIII-MIGUEL COUTO;E M PROF RUY AFRANIO PEIXOTO;03/03/2026;04/03/2026;614;610;588;443;190;395;113;28;33;91;53
2026;8;URG VIII-MIGUEL COUTO;E M SAO MIGUEL ARCANJO;16/03/2026;18/03/2026;287;210;194;162;180;181;109;28;33;91;67
2026;8;URG VIII-MIGUEL COUTO;EMEI AMBAI;17/03/2026;17/03/2026;104;92;91;80;80;84;53;22;50;43;37
2026;8;URG VIII-MIGUEL COUTO;EMEI CASA DA CRIANCA DE MIGUEL COUTO;18/03/2026;18/03/2026;97;39;36;28;0;34;33;15;30;20;22
2026;8;URG VIII-MIGUEL COUTO;GRUPO AÇÃO COMUNITÁRIO CORAÇÃO DE MÃE;02/03/2026;02/03/2026;76;60;60;34;0;31;44;6;15;14;15
2026;9;URG IX-TINGUA;E M BARAO DE TINGUA;null;null;0;0;0;0;0;0;0;0;0;0;0
2026;9;URG IX-TINGUA;E M DE JACERUBA;null;null;0;0;0;0;0;0;0;0;0;0;0
2026;9;URG IX-TINGUA;E M JARDIM MONTEVIDEO;null;null;0;0;0;0;0;0;0;0;0;0;0
2026;9;URG IX-TINGUA;E M PROF LUCIA VIANA CAPELLI;null;null;0;0;0;0;0;0;0;0;0;0;0
2026;9;URG IX-TINGUA;E M PROF THEREZINHA DE JESUS ARAUJO HERMIDA;null;null;0;0;0;0;0;0;0;0;0;0;0
2026;9;URG IX-TINGUA;E M VALE DO TINGUA;null;null;0;0;0;0;0;0;0;0;0;0;0
2026;9;URG IX-TINGUA;EMEI TERRA DE MARAMBAIA;null;null;0;0;0;0;0;0;0;0;0;0;0
