Ano;IdUrg;URG;Escola;Tipo;Exame;Qtd
2022;1;URG I-CENTRO;E M PROF PAULO FREIRE;EM;EXAME LABORATORIAL;2
2022;2;URG II-POSSE;C M E E ESPECIAL PAUL HARRIS;EM;EXAME LABORATORIAL;44
2022;2;URG II-POSSE;C M E E ESPECIAL PAUL HARRIS;EM;ULTRASSOM;3
2022;2;URG II-POSSE;E M DOUGLAS BRASIL;EM;ELETROCARDIOGRAMA;1
2022;2;URG II-POSSE;E M DOUGLAS BRASIL;EM;EXAME LABORATORIAL;96
2022;2;URG II-POSSE;E M DOUGLAS BRASIL;EM;RAIO X;2
2022;2;URG II-POSSE;E M DOUGLAS BRASIL;EM;RESSONÂNCIA;1
2022;2;URG II-POSSE;E M DOUGLAS BRASIL;EM;ULTRASSOM;3
2022;2;URG II-POSSE;E M DR ORLANDO MELLO;EM;ECOCARDIOGRAMA;1
2022;2;URG II-POSSE;E M DR ORLANDO MELLO;EM;EXAME LABORATORIAL;109
2022;2;URG II-POSSE;E M DR ORLANDO MELLO;EM;ULTRASSOM;2
2022;2;URG II-POSSE;E M LUIZ DE LEMOS;EM;ECOCARDIOGRAMA;2
2022;2;URG II-POSSE;E M LUIZ DE LEMOS;EM;EXAME LABORATORIAL;64
2022;2;URG II-POSSE;E M LUIZ DE LEMOS;EM;ULTRASSOM;2
2022;2;URG II-POSSE;E M PRESIDENTE GETULIO DORNELLES VARGAS;EM;ECOCARDIOGRAMA;1
2022;2;URG II-POSSE;E M PRESIDENTE GETULIO DORNELLES VARGAS;EM;EXAME LABORATORIAL;32
2022;2;URG II-POSSE;E M PRESIDENTE GETULIO DORNELLES VARGAS;EM;ULTRASSOM;1
2022;2;URG II-POSSE;E M PROF THEREZINHA DA SILVA XAVIER;EM;EXAME LABORATORIAL;33
2022;2;URG II-POSSE;E M SAO BENEDITO;EM;ECOCARDIOGRAMA;1
2022;2;URG II-POSSE;E M SAO BENEDITO;EM;EXAME LABORATORIAL;74
2022;2;URG II-POSSE;E M VEREADOR HELCIO CHAMBARELLI;EM;ECOCARDIOGRAMA;1
2022;2;URG II-POSSE;E M VEREADOR HELCIO CHAMBARELLI;EM;EXAME LABORATORIAL;78
2022;2;URG II-POSSE;E M VEREADOR HELCIO CHAMBARELLI;EM;ULTRASSOM;1
2022;2;URG II-POSSE;E M VIRGILIO DE MELO FRANCO;EM;EXAME LABORATORIAL;33
2022;2;URG II-POSSE;E M VIRGILIO DE MELO FRANCO;EM;RAIO X;1
2022;2;URG II-POSSE;E M VIRGILIO DE MELO FRANCO;EM;ULTRASSOM;1
2022;7;URG VII-VILA DE CAVA;E M ADRIANOPOLIS;EM;EXAME LABORATORIAL;15
2022;7;URG VII-VILA DE CAVA;E M BARAO DO GUANDU;EM;EXAME LABORATORIAL;31
2022;7;URG VII-VILA DE CAVA;E M BARAO DO GUANDU;EM;ULTRASSOM;1
2022;9;URG IX-TINGUA;E M BARAO DE TINGUA;EM;ELETROCARDIOGRAMA;1
2022;9;URG IX-TINGUA;E M BARAO DE TINGUA;EM;EXAME LABORATORIAL;34
2022;9;URG IX-TINGUA;E M BARAO DE TINGUA;EM;MAMOGRAFIA;1
2022;9;URG IX-TINGUA;E M DE JACERUBA;EM;EXAME LABORATORIAL;10
2022;9;URG IX-TINGUA;E M DE JACERUBA;EM;ULTRASSOM;1
2022;9;URG IX-TINGUA;E M JARDIM MONTEVIDEO;EM;ECOCARDIOGRAMA;1
2022;9;URG IX-TINGUA;E M JARDIM MONTEVIDEO;EM;ELETROCARDIOGRAMA;2
2022;9;URG IX-TINGUA;E M JARDIM MONTEVIDEO;EM;EXAME LABORATORIAL;29
2022;9;URG IX-TINGUA;E M PROF LUCIA VIANA CAPELLI;EM;EXAME LABORATORIAL;27
2022;9;URG IX-TINGUA;E M PROF LUCIA VIANA CAPELLI;EM;ULTRASSOM;1
2022;9;URG IX-TINGUA;E M PROF THEREZINHA DE JESUS ARAUJO HERMIDA;EM;ECOCARDIOGRAMA;1
2022;9;URG IX-TINGUA;E M PROF THEREZINHA DE JESUS ARAUJO HERMIDA;EM;ELETROCARDIOGRAMA;1
2022;9;URG IX-TINGUA;E M PROF THEREZINHA DE JESUS ARAUJO HERMIDA;EM;EXAME LABORATORIAL;47
2022;9;URG IX-TINGUA;E M PROF THEREZINHA DE JESUS ARAUJO HERMIDA;EM;ULTRASSOM;2
2022;9;URG IX-TINGUA;E M VALE DO TINGUA;EM;ECOCARDIOGRAMA;1
2022;9;URG IX-TINGUA;E M VALE DO TINGUA;EM;EXAME LABORATORIAL;22
2022;9;URG IX-TINGUA;EMEI TERRA DE MARAMBAIA;CRECHE;ECOCARDIOGRAMA;2
2022;9;URG IX-TINGUA;EMEI TERRA DE MARAMBAIA;CRECHE;EXAME LABORATORIAL;19
2023;1;URG I-CENTRO;CRECHE MUNICIPAL PROF. MARIA APARECIDA DE SOUZA;CRECHE;EXAME LABORATORIAL;12
2023;1;URG I-CENTRO;CRECHE MUNICIPAL PROF. MARIA LUZIANA RODRIGUES CHAVES;CRECHE;EXAME LABORATORIAL;13
2023;1;URG I-CENTRO;E M CAPISTRANO DE ABREU;EM;ELETROCARDIOGRAMA;1
2023;1;URG I-CENTRO;E M CAPISTRANO DE ABREU;EM;EXAME LABORATORIAL;67
2023;1;URG I-CENTRO;E M CAPISTRANO DE ABREU;EM;ULTRASSOM;1
2023;1;URG I-CENTRO;E M CAPITÃO SILVINO AZEREDO;EM;EXAME LABORATORIAL;11
2023;1;URG I-CENTRO;E M CAPITÃO SILVINO AZEREDO;EM;ULTRASSOM;1
2023;1;URG I-CENTRO;E M DR RUBENS FALCAO;EM;EXAME LABORATORIAL;38
2023;1;URG I-CENTRO;E M DR RUBENS FALCAO;EM;ULTRASSOM;2
2023;1;URG I-CENTRO;E M DR THIBAU;EM;EXAME LABORATORIAL;7
2023;1;URG I-CENTRO;E M ENGENHO PEQUENO;EM;EXAME LABORATORIAL;24
2023;1;URG I-CENTRO;E M FRANCA CARVALHO;EM;ECOCARDIOGRAMA;1
2023;1;URG I-CENTRO;E M FRANCA CARVALHO;EM;ELETROCARDIOGRAMA;1
2023;1;URG I-CENTRO;E M FRANCA CARVALHO;EM;EXAME LABORATORIAL;29
2023;1;URG I-CENTRO;E M FRANCA CARVALHO;EM;ULTRASSOM;1
2023;1;URG I-CENTRO;E M HEITOR DANTAS;EM;EXAME LABORATORIAL;9
2023;1;URG I-CENTRO;E M JANICI FERREIRA MAIA ;EM;EXAME LABORATORIAL;32
2023;1;URG I-CENTRO;E M JULIO RABELLO GUIMARAES;EM;EXAME LABORATORIAL;26
2023;1;URG I-CENTRO;E M MANOEL JOAO GONCALVES;EM;EXAME LABORATORIAL;28
2023;1;URG I-CENTRO;E M MARECHAL MASCARENHAS DE MORAES;EM;EXAME LABORATORIAL;62
2023;1;URG I-CENTRO;E M MARECHAL MASCARENHAS DE MORAES;EM;RAIO X;1
2023;1;URG I-CENTRO;E M MARECHAL MASCARENHAS DE MORAES;EM;TOMOGRAFIA;1
2023;1;URG I-CENTRO;E M MENINOS DE DEUS;EM;EXAME LABORATORIAL;12
2023;1;URG I-CENTRO;E M MONTEIRO LOBATO;EM;ECOCARDIOGRAMA;1
2023;1;URG I-CENTRO;E M MONTEIRO LOBATO;EM;ELETROCARDIOGRAMA;1
2023;1;URG I-CENTRO;E M MONTEIRO LOBATO;EM;EXAME LABORATORIAL;62
2023;1;URG I-CENTRO;E M MONTEIRO LOBATO;EM;RAIO X;1
2023;1;URG I-CENTRO;E M PADRE AGOSTINHO PRETTO;EM;EXAME LABORATORIAL;35
2023;1;URG I-CENTRO;E M PROF AMAZOR VIEIRA BORGES;EM;ECOCARDIOGRAMA;2
2023;1;URG I-CENTRO;E M PROF AMAZOR VIEIRA BORGES;EM;ELETROCARDIOGRAMA;1
2023;1;URG I-CENTRO;E M PROF AMAZOR VIEIRA BORGES;EM;EXAME LABORATORIAL;47
2023;1;URG I-CENTRO;E M PROF AMAZOR VIEIRA BORGES;EM;ULTRASSOM;2
2023;1;URG I-CENTRO;E M PROF EMILIO LUIZ PEDROSO ARAUJO;EM;EXAME LABORATORIAL;15
2023;1;URG I-CENTRO;E M PROF ORNELIA LIPPI ASSUMPCAO;EM;EXAME LABORATORIAL;27
2023;1;URG I-CENTRO;E M PROF OSIRES NEVES;EM;ELETROCARDIOGRAMA;1
2023;1;URG I-CENTRO;E M PROF OSIRES NEVES;EM;EXAME LABORATORIAL;42
2023;1;URG I-CENTRO;E M PROF OSIRES NEVES;EM;ULTRASSOM;1
2023;1;URG I-CENTRO;E M PROF RUY DE QUEIROZ;EM;ECOCARDIOGRAMA;1
2023;1;URG I-CENTRO;E M PROF RUY DE QUEIROZ;EM;ELETROCARDIOGRAMA;1
2023;1;URG I-CENTRO;E M PROF RUY DE QUEIROZ;EM;EXAME LABORATORIAL;28
2023;1;URG I-CENTRO;E M PROF RUY DE QUEIROZ;EM;ULTRASSOM;1
2023;1;URG I-CENTRO;E.M PROF EDIVALDO BARROS DE OLIVEIRA;CRECHE;EXAME LABORATORIAL;2
2023;1;URG I-CENTRO;EMEI JESUS BOM PASTOR;CRECHE;EXAME LABORATORIAL;5
2023;1;URG I-CENTRO;EMEI SAO BENEDITO;CRECHE;EXAME LABORATORIAL;4
2023;2;URG II-POSSE;AELO - EDUCANDÁRIO SÃO LÁZARO;CONVENIADA;EXAME LABORATORIAL;24
2023;2;URG II-POSSE;C M E E ESPECIAL PAUL HARRIS;EM;ECOCARDIOGRAMA;1
2023;2;URG II-POSSE;C M E E ESPECIAL PAUL HARRIS;EM;EXAME LABORATORIAL;23
2023;2;URG II-POSSE;CIEP BRIZOLAO 099 DR BOLIVARD GOMES DE ASSUMPCAO;EM;ECOCARDIOGRAMA;1
2023;2;URG II-POSSE;CIEP BRIZOLAO 099 DR BOLIVARD GOMES DE ASSUMPCAO;EM;ELETROCARDIOGRAMA;1
2023;2;URG II-POSSE;CIEP BRIZOLAO 099 DR BOLIVARD GOMES DE ASSUMPCAO;EM;EXAME LABORATORIAL;26
2023;2;URG II-POSSE;CIEP BRIZOLAO 099 DR BOLIVARD GOMES DE ASSUMPCAO;EM;RAIO X;1
2023;2;URG II-POSSE;CIEP BRIZOLAO 099 DR BOLIVARD GOMES DE ASSUMPCAO;EM;ULTRASSOM;1
2023;2;URG II-POSSE;E M DOUGLAS BRASIL;EM;EXAME LABORATORIAL;20
2023;2;URG II-POSSE;E M DR ORLANDO MELLO;EM;EXAME LABORATORIAL;53
2023;2;URG II-POSSE;E M DR ORLANDO MELLO;EM;ULTRASSOM;1
2023;2;URG II-POSSE;E M GUINLE;EM;ECOCARDIOGRAMA;1
2023;2;URG II-POSSE;E M GUINLE;EM;EXAME LABORATORIAL;20
2023;2;URG II-POSSE;E M LUIZ DE LEMOS;EM;EXAME LABORATORIAL;34
2023;2;URG II-POSSE;E M MARIA ELIONDAS DOS SANTOS;EM;EXAME LABORATORIAL;28
2023;2;URG II-POSSE;E M PRESIDENTE GETULIO DORNELLES VARGAS;EM;EXAME LABORATORIAL;26
2023;2;URG II-POSSE;E M PROF CLAUDIA MARIA SALLES MONTEIRO DA SILVA;EM;EXAME LABORATORIAL;17
2023;2;URG II-POSSE;E M PROF THEREZINHA DA SILVA XAVIER;EM;EXAME LABORATORIAL;14
2023;2;URG II-POSSE;E M SAO BENEDITO;EM;EXAME LABORATORIAL;40
2023;2;URG II-POSSE;E M SAO BENEDITO;EM;MAMOGRAFIA;1
2023;2;URG II-POSSE;E M SAO BENEDITO;EM;ULTRASSOM;1
2023;2;URG II-POSSE;E M TABELIÃO MURILO COSTA;EM;EXAME LABORATORIAL;25
2023;2;URG II-POSSE;E M VEREADOR HELCIO CHAMBARELLI;EM;EXAME LABORATORIAL;20
2023;2;URG II-POSSE;E M VIRGILIO DE MELO FRANCO;EM;EXAME LABORATORIAL;13
2023;2;URG II-POSSE;EMEI JOSE VIEIRA JESUS;CRECHE;EXAME LABORATORIAL;9
2023;3;URG III-COMENDADOR SOARES;CIEP BRIZOLAO 071 MAXIMIANO RIBEIRO DA SILVA;EM;EXAME LABORATORIAL;41
2023;3;URG III-COMENDADOR SOARES;CIEP BRIZOLAO 071 MAXIMIANO RIBEIRO DA SILVA;EM;ULTRASSOM;1
2023;3;URG III-COMENDADOR SOARES;CRECHE DONA JOANA CASA DO MENOR SÃO MIUGUEL ARCANJO;CONVENIADA;EXAME LABORATORIAL;5
2023;3;URG III-COMENDADOR SOARES;CRECHE DONA JOANA CASA DO MENOR SÃO MIUGUEL ARCANJO;CONVENIADA;ULTRASSOM;2
2023;3;URG III-COMENDADOR SOARES;E M ARMANDO PIRES;EM;ELETROCARDIOGRAMA;2
2023;3;URG III-COMENDADOR SOARES;E M ARMANDO PIRES;EM;EXAME LABORATORIAL;52
2023;3;URG III-COMENDADOR SOARES;E M ARMANDO PIRES;EM;MAMOGRAFIA;1
2023;3;URG III-COMENDADOR SOARES;E M ARMANDO PIRES;EM;ULTRASSOM;1
2023;3;URG III-COMENDADOR SOARES;E M COMPACTOR;EM;ECOCARDIOGRAMA;1
2023;3;URG III-COMENDADOR SOARES;E M COMPACTOR;EM;EXAME LABORATORIAL;66
2023;3;URG III-COMENDADOR SOARES;E M COMPACTOR;EM;ULTRASSOM;1
2023;3;URG III-COMENDADOR SOARES;E M DOM ADRIANO HIPOLITO;EM;EXAME LABORATORIAL;30
2023;3;URG III-COMENDADOR SOARES;E M DOM ADRIANO HIPOLITO;EM;MAMOGRAFIA;1
2023;3;URG III-COMENDADOR SOARES;E M DOM ADRIANO HIPOLITO;EM;RAIO X;1
2023;3;URG III-COMENDADOR SOARES;E M DOM ADRIANO HIPOLITO;EM;ULTRASSOM;1
2023;3;URG III-COMENDADOR SOARES;E M IVONETE DOS SANTOS ALVES;EM;ECOCARDIOGRAMA;3
2023;3;URG III-COMENDADOR SOARES;E M IVONETE DOS SANTOS ALVES;EM;EXAME LABORATORIAL;96
2023;3;URG III-COMENDADOR SOARES;E M IVONETE DOS SANTOS ALVES;EM;ULTRASSOM;1
2023;3;URG III-COMENDADOR SOARES;E M JOSE RIBEIRO GUIMARAES;EM;EXAME LABORATORIAL;56
2023;3;URG III-COMENDADOR SOARES;E M JOSE RIBEIRO GUIMARAES;EM;MAMOGRAFIA;1
2023;3;URG III-COMENDADOR SOARES;E M MARINETE CAVALCANTE DE OLIVEIRA;EM;ELETROCARDIOGRAMA;4
2023;3;URG III-COMENDADOR SOARES;E M MARINETE CAVALCANTE DE OLIVEIRA;EM;EXAME LABORATORIAL;87
2023;3;URG III-COMENDADOR SOARES;E M MARINETE CAVALCANTE DE OLIVEIRA;EM;ULTRASSOM;2
2023;3;URG III-COMENDADOR SOARES;E M NICANOR GONCALVES PEREIRA;EM;EXAME LABORATORIAL;61
2023;3;URG III-COMENDADOR SOARES;E M NICANOR GONCALVES PEREIRA;EM;ULTRASSOM;1
2023;3;URG III-COMENDADOR SOARES;E M PROF IRAMAR DA COSTA LIMA MIGUEL;EM;ECOCARDIOGRAMA;2
2023;3;URG III-COMENDADOR SOARES;E M PROF IRAMAR DA COSTA LIMA MIGUEL;EM;ELETROCARDIOGRAMA;2
2023;3;URG III-COMENDADOR SOARES;E M PROF IRAMAR DA COSTA LIMA MIGUEL;EM;EXAME LABORATORIAL;97
2023;3;URG III-COMENDADOR SOARES;E M SOUZA E MELLO;EM;ELETROCARDIOGRAMA;1
2023;3;URG III-COMENDADOR SOARES;E M SOUZA E MELLO;EM;ENDOSCOPIA;1
2023;3;URG III-COMENDADOR SOARES;E M SOUZA E MELLO;EM;EXAME LABORATORIAL;72
2023;4;URG IV-CABUÇU;CENTRO INTEGRADO DE DESENVOLVIMENTO INFANTIL JUNENIL CIDI;CONVENIADA;COLONOSCOPIA;1
2023;4;URG IV-CABUÇU;CENTRO INTEGRADO DE DESENVOLVIMENTO INFANTIL JUNENIL CIDI;CONVENIADA;EXAME LABORATORIAL;12
2023;4;URG IV-CABUÇU;E M ABILIO RIBEIRO;EM;ELETROCARDIOGRAMA;1
2023;4;URG IV-CABUÇU;E M ABILIO RIBEIRO;EM;EXAME LABORATORIAL;54
2023;4;URG IV-CABUÇU;E M CAMPO ALEGRE;EM;EXAME LABORATORIAL;7
2023;4;URG IV-CABUÇU;E M CHAER KAZEN KALAOUN;EM;ECOCARDIOGRAMA;1
2023;4;URG IV-CABUÇU;E M CHAER KAZEN KALAOUN;EM;EXAME LABORATORIAL;45
2023;4;URG IV-CABUÇU;E M DARCILIO AYRES RAUNHEITTI;EM;EXAME LABORATORIAL;95
2023;4;URG IV-CABUÇU;E M DR JOSE FROES MACHADO;EM;EXAME LABORATORIAL;83
2023;4;URG IV-CABUÇU;E M DR JOSE FROES MACHADO;EM;RAIO X;1
2023;4;URG IV-CABUÇU;E M DR JOSE FROES MACHADO;EM;ULTRASSOM;1
2023;4;URG IV-CABUÇU;E M DR RUY BERCOT DE MATTOS;EM;ELETROCARDIOGRAMA;2
2023;4;URG IV-CABUÇU;E M DR RUY BERCOT DE MATTOS;EM;EXAME LABORATORIAL;42
2023;4;URG IV-CABUÇU;E M DR RUY BERCOT DE MATTOS;EM;RAIO X;1
2023;4;URG IV-CABUÇU;E M DR RUY BERCOT DE MATTOS;EM;RESSONÂNCIA;1
2023;4;URG IV-CABUÇU;E M FRANCISCO DE OLIVEIRA;EM;EXAME LABORATORIAL;33
2023;4;URG IV-CABUÇU;E M IVANI VIGNE BABO;EM;EXAME LABORATORIAL;170
2023;4;URG IV-CABUÇU;E M IVANI VIGNE BABO;EM;RAIO X;1
2023;4;URG IV-CABUÇU;E M IVANI VIGNE BABO;EM;ULTRASSOM;2
2023;4;URG IV-CABUÇU;E M JARDIM NOVA ERA;EM;EXAME LABORATORIAL;35
2023;4;URG IV-CABUÇU;E M PROF DULCE DE MOURA RAUNHEITTI RIBEIRO;EM;ELETROCARDIOGRAMA;1
2023;4;URG IV-CABUÇU;E M PROF DULCE DE MOURA RAUNHEITTI RIBEIRO;EM;EXAME LABORATORIAL;19
2023;4;URG IV-CABUÇU;E M PROF DULCE DE MOURA RAUNHEITTI RIBEIRO;EM;ULTRASSOM;1
2023;4;URG IV-CABUÇU;E M PROF EDNA UMBELINA DE SANT ANNA DA SILVA;EM;ELETROCARDIOGRAMA;1
2023;4;URG IV-CABUÇU;E M PROF EDNA UMBELINA DE SANT ANNA DA SILVA;EM;EXAME LABORATORIAL;31
2023;4;URG IV-CABUÇU;E M PROF EDNA UMBELINA DE SANT ANNA DA SILVA;EM;ULTRASSOM;1
2023;4;URG IV-CABUÇU;E M PROF ELIANA DE SOUZA PAPALEO MOURA ;EM;ELETROCARDIOGRAMA;1
2023;4;URG IV-CABUÇU;E M PROF ELIANA DE SOUZA PAPALEO MOURA ;EM;EXAME LABORATORIAL;43
2023;4;URG IV-CABUÇU;E M PROF ELIANA DE SOUZA PAPALEO MOURA ;EM;ULTRASSOM;3
2023;4;URG IV-CABUÇU;E M PROF JOAQUIM DE FREITAS;EM;EXAME LABORATORIAL;41
2023;4;URG IV-CABUÇU;E M PROF LEOPOLDINA MACHADO BARBOSA DE BARROS;EM;EXAME LABORATORIAL;15
2023;4;URG IV-CABUÇU;E M PROF LEOPOLDINA MACHADO BARBOSA DE BARROS;EM;MAMOGRAFIA;1
2023;4;URG IV-CABUÇU;E M PROF MARIA CANDIDA SOBREIRA VIANNA;EM;ELETROCARDIOGRAMA;1
2023;4;URG IV-CABUÇU;E M PROF MARIA CANDIDA SOBREIRA VIANNA;EM;EXAME LABORATORIAL;45
2023;4;URG IV-CABUÇU;E M PROF MARIA CANDIDA SOBREIRA VIANNA;EM;ULTRASSOM;2
2023;4;URG IV-CABUÇU;E M PROF NABOR OTHUKI;EM;EXAME LABORATORIAL;58
2023;4;URG IV-CABUÇU;E M PROF NEWTON GONCALVES DE BARROS;EM;ECOCARDIOGRAMA;1
2023;4;URG IV-CABUÇU;E M PROF NEWTON GONCALVES DE BARROS;EM;ELETROCARDIOGRAMA;1
2023;4;URG IV-CABUÇU;E M PROF NEWTON GONCALVES DE BARROS;EM;EXAME LABORATORIAL;56
2023;4;URG IV-CABUÇU;E M PROF NEWTON GONCALVES DE BARROS;EM;ULTRASSOM;1
2023;4;URG IV-CABUÇU;E M TRES MARIAS;EM;EXAME LABORATORIAL;163
2023;4;URG IV-CABUÇU;E M TRES MARIAS;EM;TOMOGRAFIA;1
2023;4;URG IV-CABUÇU;E M TRES MARIAS;EM;ULTRASSOM;2
2023;4;URG IV-CABUÇU;E M VISCONDE DE ITABORAI;EM;EXAME LABORATORIAL;29
2023;4;URG IV-CABUÇU;EMEI LEILA MARIA CÔRTES SAMPAIO;CRECHE;EXAME LABORATORIAL;11
2023;4;URG IV-CABUÇU;EMEI MONTE SOL;CRECHE;EXAME LABORATORIAL;8
2023;4;URG IV-CABUÇU;GRUPO AÇÃO COMUNITÁRIO CORAÇÃO DE MÃE;CONVENIADA;EXAME LABORATORIAL;7
2023;4;URG IV-CABUÇU;GRUPO AÇÃO COMUNITÁRIO CORAÇÃO DE MÃE;CONVENIADA;ULTRASSOM;1
2023;5;URG V-KM 32;CIEP BRIZOLAO 033 ALFREDO DA ROCHA VIANA FILHO;EM;EXAME LABORATORIAL;56
2023;5;URG V-KM 32;CIEP BRIZOLAO 033 ALFREDO DA ROCHA VIANA FILHO;EM;ULTRASSOM;2
2023;5;URG V-KM 32;CIEP BRIZOLAO 187 BENEDITO LARANJEIRAS;EM;ECOCARDIOGRAMA;1
2023;5;URG V-KM 32;CIEP BRIZOLAO 187 BENEDITO LARANJEIRAS;EM;ELETROCARDIOGRAMA;2
2023;5;URG V-KM 32;CIEP BRIZOLAO 187 BENEDITO LARANJEIRAS;EM;EXAME LABORATORIAL;82
2023;5;URG V-KM 32;CIEP BRIZOLAO 187 BENEDITO LARANJEIRAS;EM;RAIO X;1
2023;5;URG V-KM 32;CIEP BRIZOLAO 187 BENEDITO LARANJEIRAS;EM;ULTRASSOM;1
2023;5;URG V-KM 32;CIEP BRIZOLAO 325 AUSTREGESILO DE ATHAYDE;EM;ECOCARDIOGRAMA;1
2023;5;URG V-KM 32;CIEP BRIZOLAO 325 AUSTREGESILO DE ATHAYDE;EM;EXAME LABORATORIAL;60
2023;5;URG V-KM 32;CIEP BRIZOLAO 325 AUSTREGESILO DE ATHAYDE;EM;ULTRASSOM;1
2023;5;URG V-KM 32;CIEP BRIZOLAO 360 PROF IARA SIMÃO VIEIRA;EM;ECOCARDIOGRAMA;1
2023;5;URG V-KM 32;CIEP BRIZOLAO 360 PROF IARA SIMÃO VIEIRA;EM;EXAME LABORATORIAL;99
2023;5;URG V-KM 32;CIEP BRIZOLAO 360 PROF IARA SIMÃO VIEIRA;EM;ULTRASSOM;2
2023;5;URG V-KM 32;CIEP BRIZOLAO 373 BRIGADEIRO TEIXEIRA;EM;ELETROCARDIOGRAMA;1
2023;5;URG V-KM 32;CIEP BRIZOLAO 373 BRIGADEIRO TEIXEIRA;EM;EXAME LABORATORIAL;88
2023;5;URG V-KM 32;CIEP BRIZOLAO 373 BRIGADEIRO TEIXEIRA;EM;ULTRASSOM;2
2023;5;URG V-KM 32;E M ALFREDO JOSE SOARES;EM;EXAME LABORATORIAL;22
2023;5;URG V-KM 32;E M ALFREDO JOSE SOARES;EM;RAIO X;1
2023;5;URG V-KM 32;E M ALFREDO JOSE SOARES;EM;ULTRASSOM;1
2023;5;URG V-KM 32;E M ALFREDO PEREIRA DE MAGALHAES;EM;ENDOSCOPIA;1
2023;5;URG V-KM 32;E M ALFREDO PEREIRA DE MAGALHAES;EM;EXAME LABORATORIAL;65
2023;5;URG V-KM 32;E M ALFREDO PEREIRA DE MAGALHAES;EM;ULTRASSOM;5
2023;5;URG V-KM 32;E M ERYK DA CRUZ LAIA;EM;ELETROCARDIOGRAMA;1
2023;5;URG V-KM 32;E M ERYK DA CRUZ LAIA;EM;EXAME LABORATORIAL;106
2023;5;URG V-KM 32;E M ERYK DA CRUZ LAIA;EM;ULTRASSOM;1
2023;5;URG V-KM 32;E M JOSE REIS;EM;ELETROCARDIOGRAMA;1
2023;5;URG V-KM 32;E M JOSE REIS;EM;EXAME LABORATORIAL;15
2023;5;URG V-KM 32;E M JOSE REIS;EM;ULTRASSOM;1
2023;5;URG V-KM 32;E M PERA FLOR;EM;EXAME LABORATORIAL;153
2023;5;URG V-KM 32;E M PERA FLOR;EM;ULTRASSOM;2
2023;5;URG V-KM 32;E M PROF CREUZA ALARCAO SOBRAL;EM;ELETROCARDIOGRAMA;1
2023;5;URG V-KM 32;E M PROF CREUZA ALARCAO SOBRAL;EM;EXAME LABORATORIAL;96
2023;5;URG V-KM 32;E M PROF CREUZA ALARCAO SOBRAL;EM;ULTRASSOM;3
2023;5;URG V-KM 32;E M PROF LEONARDO CARIELO DE ALMEIDA;EM;ELETROCARDIOGRAMA;2
2023;5;URG V-KM 32;E M PROF LEONARDO CARIELO DE ALMEIDA;EM;EXAME LABORATORIAL;95
2023;5;URG V-KM 32;E M PROF LEONARDO CARIELO DE ALMEIDA;EM;RAIO X;1
2023;5;URG V-KM 32;E M PROF MARLY TUPACINUNGA DE MATTOS;EM;EXAME LABORATORIAL;42
2023;5;URG V-KM 32;E M PROF PRISCILLA BOUCAS VILLA NOVA;EM;EXAME LABORATORIAL;42
2023;5;URG V-KM 32;E M PROF PRISCILLA BOUCAS VILLA NOVA;EM;ULTRASSOM;1
2023;5;URG V-KM 32;E M SHANGRI LA;EM;ECOCARDIOGRAMA;3
2023;5;URG V-KM 32;E M SHANGRI LA;EM;ELETROCARDIOGRAMA;2
2023;5;URG V-KM 32;E M SHANGRI LA;EM;EXAME LABORATORIAL;52
2023;5;URG V-KM 32;E M SHANGRI LA;EM;ULTRASSOM;2
2023;5;URG V-KM 32;E M VILA JOAO CORREA;EM;EXAME LABORATORIAL;80
2023;5;URG V-KM 32;E M VILA JOAO CORREA;EM;RAIO X;1
2023;5;URG V-KM 32;E M VILA JOAO CORREA;EM;ULTRASSOM;1
2023;5;URG V-KM 32;EMEI HELIO MONTEZANO DE OLIVEIRA;CRECHE;EXAME LABORATORIAL;10
2023;5;URG V-KM 32;EMEI HELIO MONTEZANO DE OLIVEIRA;CRECHE;RAIO X;1
2023;5;URG V-KM 32;EMEI JARDIM EUROPA;CRECHE;EXAME LABORATORIAL;26
2023;5;URG V-KM 32;EMEI NISIA SOUZA MARCONDES;CRECHE;EXAME LABORATORIAL;14
2023;5;URG V-KM 32;EMEI PATRICIA M GASPAR SOMMA PEREIRA;CRECHE;EXAME LABORATORIAL;12
2023;6;URG VI-AUSTIN;E M ALTHAIR PIMENTA DE MORAES;EM;ECOCARDIOGRAMA;2
2023;6;URG VI-AUSTIN;E M ALTHAIR PIMENTA DE MORAES;EM;ELETROCARDIOGRAMA;1
2023;6;URG VI-AUSTIN;E M ALTHAIR PIMENTA DE MORAES;EM;EXAME LABORATORIAL;87
2023;6;URG VI-AUSTIN;E M ALTHAIR PIMENTA DE MORAES;EM;TOMOGRAFIA;1
2023;6;URG VI-AUSTIN;E M ALTHAIR PIMENTA DE MORAES;EM;ULTRASSOM;2
2023;6;URG VI-AUSTIN;E M DR JOSE BRIGAGAO FERREIRA;EM;EXAME LABORATORIAL;1
2023;6;URG VI-AUSTIN;E M GOVERNADOR LEONEL DE MOURA BRIZOLA;EM;EXAME LABORATORIAL;40
2023;6;URG VI-AUSTIN;E M GOVERNADOR LEONEL DE MOURA BRIZOLA;EM;MAMOGRAFIA;1
2023;6;URG VI-AUSTIN;E M JOSE DE ANCHIETA;EM;ECOCARDIOGRAMA;2
2023;6;URG VI-AUSTIN;E M JOSE DE ANCHIETA;EM;ELETROCARDIOGRAMA;2
2023;6;URG VI-AUSTIN;E M JOSE DE ANCHIETA;EM;EXAME LABORATORIAL;43
2023;6;URG VI-AUSTIN;E M JOSE DE ANCHIETA;EM;ULTRASSOM;1
2023;6;URG VI-AUSTIN;E M JOSE LUIZ DA SILVA;EM;ECOCARDIOGRAMA;1
2023;6;URG VI-AUSTIN;E M JOSE LUIZ DA SILVA;EM;ELETROCARDIOGRAMA;2
2023;6;URG VI-AUSTIN;E M JOSE LUIZ DA SILVA;EM;EXAME LABORATORIAL;46
2023;6;URG VI-AUSTIN;E M JOSE LUIZ DA SILVA;EM;RAIO X;1
2023;6;URG VI-AUSTIN;E M JOSE LUIZ DA SILVA;EM;ULTRASSOM;1
2023;6;URG VI-AUSTIN;E M KERMA MOREIRA FRANCO;EM;EXAME LABORATORIAL;35
2023;6;URG VI-AUSTIN;E M NENA RODRIGUES;EM;EXAME LABORATORIAL;18
2023;6;URG VI-AUSTIN;E M PROF ENILZA BARROS DOS SANTOS CHICONELLI;EM;EXAME LABORATORIAL;69
2023;6;URG VI-AUSTIN;E M PROF FRANKLIN BOLIVAR FERNANDES;EM;EXAME LABORATORIAL;31
2023;6;URG VI-AUSTIN;E M PROF FRANKLIN BOLIVAR FERNANDES;EM;TOMOGRAFIA;1
2023;6;URG VI-AUSTIN;E M PROF FRANKLIN BOLIVAR FERNANDES;EM;ULTRASSOM;1
2023;6;URG VI-AUSTIN;E M PROF MARCIO CAULINO SOARES;EM;ELETROCARDIOGRAMA;1
2023;6;URG VI-AUSTIN;E M PROF MARCIO CAULINO SOARES;EM;EXAME LABORATORIAL;86
2023;6;URG VI-AUSTIN;E M PROF MARCIO CAULINO SOARES;EM;MAMOGRAFIA;1
2023;6;URG VI-AUSTIN;E M PROF MARCIO CAULINO SOARES;EM;RAIO X;2
2023;6;URG VI-AUSTIN;E M PROF MARCIO CAULINO SOARES;EM;ULTRASSOM;1
2023;6;URG VI-AUSTIN;E M RUI BARBOSA;EM;EXAME LABORATORIAL;57
2023;6;URG VI-AUSTIN;E M WALFREDO DA SILVA LESSA;EM;ECOCARDIOGRAMA;1
2023;6;URG VI-AUSTIN;E M WALFREDO DA SILVA LESSA;EM;EXAME LABORATORIAL;23
2023;6;URG VI-AUSTIN;E M WALFREDO DA SILVA LESSA;EM;RAIO X;1
2023;6;URG VI-AUSTIN;E M WALFREDO DA SILVA LESSA;EM;ULTRASSOM;1
2023;6;URG VI-AUSTIN;EMEI VILA SAO MIGUEL;CRECHE;EXAME LABORATORIAL;18
2023;6;URG VI-AUSTIN;EMEI VILA SAO MIGUEL;CRECHE;ULTRASSOM;1
2023;7;URG VII-VILA DE CAVA;CENTRO COMUNITÁRIO SÃO SEBASTIÃO DE VILA DE CAVA CECOM;CONVENIADA;EXAME LABORATORIAL;14
2023;7;URG VII-VILA DE CAVA;CENTRO COMUNITÁRIO SÃO SEBASTIÃO DE VILA DE CAVA CECOM;CONVENIADA;ULTRASSOM;1
2023;7;URG VII-VILA DE CAVA;CENTRO COMUNITÁRIO SÃO SEBASTIÃO DE VILA DE CAVA CECOM FÉ E ESPERANÇA;CONVENIADA;EXAME LABORATORIAL;19
2023;7;URG VII-VILA DE CAVA;CRECHE MUNICIPAL PROF. DENISE FERNANDES DA SILVA PAULINO;CRECHE;EXAME LABORATORIAL;9
2023;7;URG VII-VILA DE CAVA;E M AMERICA XAVIER DA SILVEIRA;EM;EXAME LABORATORIAL;50
2023;7;URG VII-VILA DE CAVA;E M AMERICA XAVIER DA SILVEIRA;EM;ULTRASSOM;1
2023;7;URG VII-VILA DE CAVA;E M AMINTHAS PEREIRA;EM;ELETROCARDIOGRAMA;1
2023;7;URG VII-VILA DE CAVA;E M AMINTHAS PEREIRA;EM;EXAME LABORATORIAL;38
2023;7;URG VII-VILA DE CAVA;E M AMINTHAS PEREIRA;EM;MAMOGRAFIA;1
2023;7;URG VII-VILA DE CAVA;E M AMINTHAS PEREIRA;EM;ULTRASSOM;1
2023;7;URG VII-VILA DE CAVA;E M DR JUVENIL DE SOUZA LOPES;EM;ECOCARDIOGRAMA;1
2023;7;URG VII-VILA DE CAVA;E M DR JUVENIL DE SOUZA LOPES;EM;ELETROCARDIOGRAMA;1
2023;7;URG VII-VILA DE CAVA;E M DR JUVENIL DE SOUZA LOPES;EM;EXAME LABORATORIAL;30
2023;7;URG VII-VILA DE CAVA;E M JOSÉ PACIFICO;EM;EXAME LABORATORIAL;130
2023;7;URG VII-VILA DE CAVA;E M JOSÉ PACIFICO;EM;MAMOGRAFIA;2
2023;7;URG VII-VILA DE CAVA;E M JOSÉ PACIFICO;EM;ULTRASSOM;4
2023;7;URG VII-VILA DE CAVA;E M MARCILIO DIAS;EM;ELETROCARDIOGRAMA;1
2023;7;URG VII-VILA DE CAVA;E M MARCILIO DIAS;EM;EXAME LABORATORIAL;72
2023;7;URG VII-VILA DE CAVA;E M MARCILIO DIAS;EM;ULTRASSOM;2
2023;7;URG VII-VILA DE CAVA;E M ORESTES BERNARDO CABRAL;EM;ECOCARDIOGRAMA;1
2023;7;URG VII-VILA DE CAVA;E M ORESTES BERNARDO CABRAL;EM;ELETROCARDIOGRAMA;1
2023;7;URG VII-VILA DE CAVA;E M ORESTES BERNARDO CABRAL;EM;EXAME LABORATORIAL;122
2023;7;URG VII-VILA DE CAVA;E M ORESTES BERNARDO CABRAL;EM;RAIO X;1
2023;7;URG VII-VILA DE CAVA;E M ORESTES BERNARDO CABRAL;EM;ULTRASSOM;3
2023;7;URG VII-VILA DE CAVA;E M PROF IRENE DA SILVA OLIVEIRA;EM;ECOCARDIOGRAMA;1
2023;7;URG VII-VILA DE CAVA;E M PROF IRENE DA SILVA OLIVEIRA;EM;ELETROCARDIOGRAMA;1
2023;7;URG VII-VILA DE CAVA;E M PROF IRENE DA SILVA OLIVEIRA;EM;EXAME LABORATORIAL;83
2023;7;URG VII-VILA DE CAVA;E M PROF IRENE DA SILVA OLIVEIRA;EM;RAIO X;1
2023;7;URG VII-VILA DE CAVA;E M PROF IRENE DA SILVA OLIVEIRA;EM;ULTRASSOM;2
2023;7;URG VII-VILA DE CAVA;E M PROF LUCIA HELENA DE LIMA;EM;EXAME LABORATORIAL;17
2023;7;URG VII-VILA DE CAVA;EMEI GLAUCO JOSE VAZ GONCALVES;CRECHE;ECOCARDIOGRAMA;1
2023;7;URG VII-VILA DE CAVA;EMEI GLAUCO JOSE VAZ GONCALVES;CRECHE;EXAME LABORATORIAL;25
2023;7;URG VII-VILA DE CAVA;EMEI GLAUCO JOSE VAZ GONCALVES;CRECHE;ULTRASSOM;2
2023;8;URG VIII-MIGUEL COUTO;E M ANTONIO PINHEIRO GUIMARAES VICTORY;EM;ELETROCARDIOGRAMA;1
2023;8;URG VIII-MIGUEL COUTO;E M ANTONIO PINHEIRO GUIMARAES VICTORY;EM;EXAME LABORATORIAL;33
2023;8;URG VIII-MIGUEL COUTO;E M ANTONIO PINHEIRO GUIMARAES VICTORY;EM;ULTRASSOM;1
2023;8;URG VIII-MIGUEL COUTO;E M AYRTON SENNA;EM;ECOCARDIOGRAMA;4
2023;8;URG VIII-MIGUEL COUTO;E M AYRTON SENNA;EM;ELETROCARDIOGRAMA;5
2023;8;URG VIII-MIGUEL COUTO;E M AYRTON SENNA;EM;EXAME LABORATORIAL;57
2023;8;URG VIII-MIGUEL COUTO;E M AYRTON SENNA;EM;ULTRASSOM;4
2023;8;URG VIII-MIGUEL COUTO;E M FLOR DE LIS;EM;EXAME LABORATORIAL;21
2023;8;URG VIII-MIGUEL COUTO;E M FLOR DE LIS;EM;RAIO X;1
2023;8;URG VIII-MIGUEL COUTO;E M FLOR DE LIS;EM;ULTRASSOM;1
2023;8;URG VIII-MIGUEL COUTO;E M JANIR CLEMENTINO PEREIRA;EM;ELETROCARDIOGRAMA;2
2023;8;URG VIII-MIGUEL COUTO;E M JANIR CLEMENTINO PEREIRA;EM;EXAME LABORATORIAL;70
2023;8;URG VIII-MIGUEL COUTO;E M JANIR CLEMENTINO PEREIRA;EM;RESSONÂNCIA;1
2023;8;URG VIII-MIGUEL COUTO;E M JANIR CLEMENTINO PEREIRA;EM;ULTRASSOM;3
2023;8;URG VIII-MIGUEL COUTO;E M PAULO ROBERTO FIORENZANO ARAUJO;EM;EXAME LABORATORIAL;96
2023;8;URG VIII-MIGUEL COUTO;E M PAULO ROBERTO FIORENZANO ARAUJO;EM;ULTRASSOM;2
2023;8;URG VIII-MIGUEL COUTO;E M PROF ANNA MARIA RAMALHO;EM;ELETROCARDIOGRAMA;1
2023;8;URG VIII-MIGUEL COUTO;E M PROF ANNA MARIA RAMALHO;EM;EXAME LABORATORIAL;91
2023;8;URG VIII-MIGUEL COUTO;E M PROF ANNA MARIA RAMALHO;EM;RAIO X;1
2023;8;URG VIII-MIGUEL COUTO;E M PROF DARCY RIBEIRO;EM;EXAME LABORATORIAL;47
2023;8;URG VIII-MIGUEL COUTO;E M PROF DARCY RIBEIRO;EM;RAIO X;2
2023;8;URG VIII-MIGUEL COUTO;E M PROF HAULER DA SILVA FERREIRA;EM;ECOCARDIOGRAMA;1
2023;8;URG VIII-MIGUEL COUTO;E M PROF HAULER DA SILVA FERREIRA;EM;ELETROCARDIOGRAMA;1
2023;8;URG VIII-MIGUEL COUTO;E M PROF HAULER DA SILVA FERREIRA;EM;EXAME LABORATORIAL;115
2023;8;URG VIII-MIGUEL COUTO;E M PROF HAULER DA SILVA FERREIRA;EM;MAMOGRAFIA;1
2023;8;URG VIII-MIGUEL COUTO;E M PROF HAULER DA SILVA FERREIRA;EM;ULTRASSOM;1
2023;8;URG VIII-MIGUEL COUTO;E M PROF RUY AFRANIO PEIXOTO;EM;EXAME LABORATORIAL;66
2023;8;URG VIII-MIGUEL COUTO;E M PROF RUY AFRANIO PEIXOTO;EM;ULTRASSOM;1
2023;8;URG VIII-MIGUEL COUTO;E M SAO MIGUEL ARCANJO;EM;EXAME LABORATORIAL;50
2023;8;URG VIII-MIGUEL COUTO;E M SAO MIGUEL ARCANJO;EM;RAIO X;1
2023;8;URG VIII-MIGUEL COUTO;EMEI AMBAI;CRECHE;EXAME LABORATORIAL;13
2023;8;URG VIII-MIGUEL COUTO;EMEI CASA DA CRIANCA DE MIGUEL COUTO;CRECHE;EXAME LABORATORIAL;20
2023;8;URG VIII-MIGUEL COUTO;EMEI CASA DA CRIANCA DE MIGUEL COUTO;CRECHE;ULTRASSOM;3
2023;9;URG IX-TINGUA;E M BARAO DE TINGUA;EM;EXAME LABORATORIAL;1
2023;9;URG IX-TINGUA;E M DE JACERUBA;EM;EXAME LABORATORIAL;8
2023;9;URG IX-TINGUA;E M JARDIM MONTEVIDEO;EM;ECOCARDIOGRAMA;1
2023;9;URG IX-TINGUA;E M JARDIM MONTEVIDEO;EM;EXAME LABORATORIAL;7
2023;9;URG IX-TINGUA;E M PROF LUCIA VIANA CAPELLI;EM;EXAME LABORATORIAL;11
2023;9;URG IX-TINGUA;E M PROF THEREZINHA DE JESUS ARAUJO HERMIDA;EM;ECOCARDIOGRAMA;1
2023;9;URG IX-TINGUA;E M PROF THEREZINHA DE JESUS ARAUJO HERMIDA;EM;EXAME LABORATORIAL;12
2023;9;URG IX-TINGUA;E M VALE DO TINGUA;EM;EXAME LABORATORIAL;4
2023;9;URG IX-TINGUA;EMEI TERRA DE MARAMBAIA;CRECHE;EXAME LABORATORIAL;12
2024;1;URG I-CENTRO;CAIESP CASTORINA FARIA LIMA;EM;EXAME LABORATORIAL;2
2024;1;URG I-CENTRO;CRECHE MUNICIPAL PROF. MARIA APARECIDA DE SOUZA;CRECHE;EXAME LABORATORIAL;10
2024;1;URG I-CENTRO;CRECHE MUNICIPAL PROF. MARIA LUZIANA RODRIGUES CHAVES;CRECHE;EXAME LABORATORIAL;5
2024;1;URG I-CENTRO;E M CAPISTRANO DE ABREU;EM;EXAME LABORATORIAL;11
2024;1;URG I-CENTRO;E M CAPISTRANO DE ABREU;EM;MAMOGRAFIA;1
2024;1;URG I-CENTRO;E M CAPITÃO SILVINO AZEREDO;EM;EXAME LABORATORIAL;11
2024;1;URG I-CENTRO;E M DR THIBAU;EM;EXAME LABORATORIAL;13
2024;1;URG I-CENTRO;E M DR THIBAU;EM;RAIO X;1
2024;1;URG I-CENTRO;E M DR THIBAU;EM;TOMOGRAFIA;1
2024;1;URG I-CENTRO;E M ENGENHO PEQUENO;EM;EXAME LABORATORIAL;32
2024;1;URG I-CENTRO;E M ENGENHO PEQUENO;EM;ULTRASSOM;1
2024;1;URG I-CENTRO;E M FRANCA CARVALHO;EM;ECOCARDIOGRAMA;1
2024;1;URG I-CENTRO;E M FRANCA CARVALHO;EM;EXAME LABORATORIAL;20
2024;1;URG I-CENTRO;E M FRANCA CARVALHO;EM;ULTRASSOM;1
2024;1;URG I-CENTRO;E M HEITOR DANTAS;EM;EXAME LABORATORIAL;4
2024;1;URG I-CENTRO;E M JANICI FERREIRA MAIA ;EM;EXAME LABORATORIAL;30
2024;1;URG I-CENTRO;E M JANICI FERREIRA MAIA ;EM;ULTRASSOM;4
2024;1;URG I-CENTRO;E M JULIO RABELLO GUIMARAES;EM;ELETROCARDIOGRAMA;1
2024;1;URG I-CENTRO;E M JULIO RABELLO GUIMARAES;EM;EXAME LABORATORIAL;34
2024;1;URG I-CENTRO;E M MANOEL JOAO GONCALVES;EM;EXAME LABORATORIAL;28
2024;1;URG I-CENTRO;E M MANOEL JOAO GONCALVES;EM;ULTRASSOM;1
2024;1;URG I-CENTRO;E M MARECHAL MASCARENHAS DE MORAES;EM;ELETROCARDIOGRAMA;2
2024;1;URG I-CENTRO;E M MARECHAL MASCARENHAS DE MORAES;EM;EXAME LABORATORIAL;43
2024;1;URG I-CENTRO;E M MARECHAL MASCARENHAS DE MORAES;EM;RAIO X;1
2024;1;URG I-CENTRO;E M MARECHAL MASCARENHAS DE MORAES;EM;TOMOGRAFIA;1
2024;1;URG I-CENTRO;E M MARECHAL MASCARENHAS DE MORAES;EM;ULTRASSOM;1
2024;1;URG I-CENTRO;E M MENINOS DE DEUS;EM;EXAME LABORATORIAL;24
2024;1;URG I-CENTRO;E M MENINOS DE DEUS;EM;MAMOGRAFIA;1
2024;1;URG I-CENTRO;E M MONTEIRO LOBATO;EM;ECOCARDIOGRAMA;1
2024;1;URG I-CENTRO;E M MONTEIRO LOBATO;EM;ELETROCARDIOGRAMA;3
2024;1;URG I-CENTRO;E M MONTEIRO LOBATO;EM;EXAME LABORATORIAL;26
2024;1;URG I-CENTRO;E M PADRE AGOSTINHO PRETTO;EM;ELETROCARDIOGRAMA;1
2024;1;URG I-CENTRO;E M PADRE AGOSTINHO PRETTO;EM;EXAME LABORATORIAL;41
2024;1;URG I-CENTRO;E M PADRE AGOSTINHO PRETTO;EM;ULTRASSOM;2
2024;1;URG I-CENTRO;E M PROF AMAZOR VIEIRA BORGES;EM;EXAME LABORATORIAL;46
2024;1;URG I-CENTRO;E M PROF EMILIO LUIZ PEDROSO ARAUJO;EM;EXAME LABORATORIAL;17
2024;1;URG I-CENTRO;E M PROF EMILIO LUIZ PEDROSO ARAUJO;EM;MAMOGRAFIA;1
2024;1;URG I-CENTRO;E M PROF EMILIO LUIZ PEDROSO ARAUJO;EM;RAIO X;1
2024;1;URG I-CENTRO;E M PROF EMILIO LUIZ PEDROSO ARAUJO;EM;TOMOGRAFIA;1
2024;1;URG I-CENTRO;E M PROF EMILIO LUIZ PEDROSO ARAUJO;EM;ULTRASSOM;1
2024;1;URG I-CENTRO;E M PROF IZABEL DOS SANTOS SOARES MELLO;EM;EXAME LABORATORIAL;14
2024;1;URG I-CENTRO;E M PROF OSIRES NEVES;EM;ECOCARDIOGRAMA;1
2024;1;URG I-CENTRO;E M PROF OSIRES NEVES;EM;ELETROCARDIOGRAMA;2
2024;1;URG I-CENTRO;E M PROF OSIRES NEVES;EM;EXAME LABORATORIAL;57
2024;1;URG I-CENTRO;E M PROF OSIRES NEVES;EM;RAIO X;1
2024;1;URG I-CENTRO;E M PROF OSIRES NEVES;EM;ULTRASSOM;1
2024;1;URG I-CENTRO;E M PROF PAULO FREIRE;EM;EXAME LABORATORIAL;8
2024;1;URG I-CENTRO;E M PROF RUY DE QUEIROZ;EM;ECOCARDIOGRAMA;1
2024;1;URG I-CENTRO;E M PROF RUY DE QUEIROZ;EM;EXAME LABORATORIAL;19
2024;1;URG I-CENTRO;E.M PROF EDIVALDO BARROS DE OLIVEIRA;CRECHE;EXAME LABORATORIAL;15
2024;1;URG I-CENTRO;EMEI JESUS BOM PASTOR;CRECHE;EXAME LABORATORIAL;14
2024;1;URG I-CENTRO;EMEI JESUS BOM PASTOR;CRECHE;MAMOGRAFIA;1
2024;1;URG I-CENTRO;EMEI JESUS BOM PASTOR;CRECHE;ULTRASSOM;1
2024;1;URG I-CENTRO;EMEI SAO BENEDITO;CRECHE;EXAME LABORATORIAL;12
2024;1;URG I-CENTRO;SOCIEDADE FILANTRÓPICA SÃO VICENTE PATRONATO;CONVENIADA;ECOCARDIOGRAMA;3
2024;1;URG I-CENTRO;SOCIEDADE FILANTRÓPICA SÃO VICENTE PATRONATO;CONVENIADA;ELETROCARDIOGRAMA;1
2024;1;URG I-CENTRO;SOCIEDADE FILANTRÓPICA SÃO VICENTE PATRONATO;CONVENIADA;EXAME LABORATORIAL;25
2024;1;URG I-CENTRO;SOCIEDADE FILANTRÓPICA SÃO VICENTE PATRONATO;CONVENIADA;RAIO X;1
2024;1;URG I-CENTRO;SOCIEDADE FILANTRÓPICA SÃO VICENTE PATRONATO;CONVENIADA;RESSONÂNCIA;1
2024;1;URG I-CENTRO;SOCIEDADE FILANTRÓPICA SÃO VICENTE PATRONATO;CONVENIADA;ULTRASSOM;2
2024;2;URG II-POSSE;AELO - EDUCANDÁRIO SÃO LÁZARO;CONVENIADA;EXAME LABORATORIAL;11
2024;2;URG II-POSSE;C M E E ESPECIAL PAUL HARRIS;EM;ECOCARDIOGRAMA;1
2024;2;URG II-POSSE;C M E E ESPECIAL PAUL HARRIS;EM;EXAME LABORATORIAL;24
2024;2;URG II-POSSE;CIEP BRIZOLAO 099 DR BOLIVARD GOMES DE ASSUMPCAO;EM;EXAME LABORATORIAL;33
2024;2;URG II-POSSE;CIEP BRIZOLAO 099 DR BOLIVARD GOMES DE ASSUMPCAO;EM;TOMOGRAFIA;1
2024;2;URG II-POSSE;E M DOUGLAS BRASIL;EM;ELETROCARDIOGRAMA;1
2024;2;URG II-POSSE;E M DOUGLAS BRASIL;EM;EXAME LABORATORIAL;63
2024;2;URG II-POSSE;E M DOUGLAS BRASIL;EM;MAMOGRAFIA;1
2024;2;URG II-POSSE;E M DOUGLAS BRASIL;EM;ULTRASSOM;1
2024;2;URG II-POSSE;E M DR ORLANDO MELLO;EM;ELETROCARDIOGRAMA;2
2024;2;URG II-POSSE;E M DR ORLANDO MELLO;EM;EXAME LABORATORIAL;49
2024;2;URG II-POSSE;E M DR ORLANDO MELLO;EM;RAIO X;1
2024;2;URG II-POSSE;E M DR ORLANDO MELLO;EM;ULTRASSOM;1
2024;2;URG II-POSSE;E M ESTANISLAU RIBEIRO DO AMARAL;EM;EXAME LABORATORIAL;28
2024;2;URG II-POSSE;E M ESTANISLAU RIBEIRO DO AMARAL;EM;MAMOGRAFIA;1
2024;2;URG II-POSSE;E M ESTANISLAU RIBEIRO DO AMARAL;EM;RESSONÂNCIA;1
2024;2;URG II-POSSE;E M GUINLE;EM;EXAME LABORATORIAL;9
2024;2;URG II-POSSE;E M GUINLE;EM;MAMOGRAFIA;1
2024;2;URG II-POSSE;E M GUINLE;EM;ULTRASSOM;1
2024;2;URG II-POSSE;E M HERBERT MOSES;EM;EXAME LABORATORIAL;7
2024;2;URG II-POSSE;E M HERBERT MOSES;EM;RAIO X;1
2024;2;URG II-POSSE;E M LUIZ DE LEMOS;EM;EXAME LABORATORIAL;15
2024;2;URG II-POSSE;E M MARIA ELIONDAS DOS SANTOS;EM;ELETROCARDIOGRAMA;1
2024;2;URG II-POSSE;E M MARIA ELIONDAS DOS SANTOS;EM;EXAME LABORATORIAL;16
2024;2;URG II-POSSE;E M PRESIDENTE GETULIO DORNELLES VARGAS;EM;EXAME LABORATORIAL;15
2024;2;URG II-POSSE;E M PRESIDENTE GETULIO DORNELLES VARGAS;EM;MAMOGRAFIA;1
2024;2;URG II-POSSE;E M PROF CLAUDIA MARIA SALLES MONTEIRO DA SILVA;EM;EXAME LABORATORIAL;13
2024;2;URG II-POSSE;E M PROF THEREZINHA DA SILVA XAVIER;EM;EXAME LABORATORIAL;25
2024;2;URG II-POSSE;E M PROF THEREZINHA DA SILVA XAVIER;EM;ULTRASSOM;3
2024;2;URG II-POSSE;E M SAO BENEDITO;EM;COLONOSCOPIA;1
2024;2;URG II-POSSE;E M SAO BENEDITO;EM;EXAME LABORATORIAL;40
2024;2;URG II-POSSE;E M TABELIÃO MURILO COSTA;EM;EXAME LABORATORIAL;69
2024;2;URG II-POSSE;E M TABELIÃO MURILO COSTA;EM;MAMOGRAFIA;1
2024;2;URG II-POSSE;E M TABELIÃO MURILO COSTA;EM;ULTRASSOM;1
2024;2;URG II-POSSE;E M VEREADOR HELCIO CHAMBARELLI;EM;ELETROCARDIOGRAMA;2
2024;2;URG II-POSSE;E M VEREADOR HELCIO CHAMBARELLI;EM;EXAME LABORATORIAL;35
2024;2;URG II-POSSE;E M VEREADOR HELCIO CHAMBARELLI;EM;ULTRASSOM;1
2024;2;URG II-POSSE;E M VIRGILIO DE MELO FRANCO;EM;ELETROCARDIOGRAMA;1
2024;2;URG II-POSSE;E M VIRGILIO DE MELO FRANCO;EM;EXAME LABORATORIAL;40
2024;2;URG II-POSSE;E M VIRGILIO DE MELO FRANCO;EM;TOMOGRAFIA;1
2024;2;URG II-POSSE;E M VIRGILIO DE MELO FRANCO;EM;ULTRASSOM;1
2024;2;URG II-POSSE;EMEI JOSE VIEIRA JESUS;CRECHE;EXAME LABORATORIAL;18
2024;2;URG II-POSSE;EMEI JOSE VIEIRA JESUS;CRECHE;RAIO X;1
2024;3;URG III-COMENDADOR SOARES;CIEP BRIZOLAO 071 MAXIMIANO RIBEIRO DA SILVA;EM;EXAME LABORATORIAL;49
2024;3;URG III-COMENDADOR SOARES;CIEP BRIZOLAO 071 MAXIMIANO RIBEIRO DA SILVA;EM;RAIO X;1
2024;3;URG III-COMENDADOR SOARES;CIEP BRIZOLAO 071 MAXIMIANO RIBEIRO DA SILVA;EM;ULTRASSOM;4
2024;3;URG III-COMENDADOR SOARES;CRECHE DONA JOANA CASA DO MENOR SÃO MIUGUEL ARCANJO;CONVENIADA;EXAME LABORATORIAL;2
2024;3;URG III-COMENDADOR SOARES;E M ARMANDO PIRES;EM;ECOCARDIOGRAMA;1
2024;3;URG III-COMENDADOR SOARES;E M ARMANDO PIRES;EM;ELETROCARDIOGRAMA;1
2024;3;URG III-COMENDADOR SOARES;E M ARMANDO PIRES;EM;EXAME LABORATORIAL;76
2024;3;URG III-COMENDADOR SOARES;E M ARMANDO PIRES;EM;RESSONÂNCIA;1
2024;3;URG III-COMENDADOR SOARES;E M ARMANDO PIRES;EM;ULTRASSOM;2
2024;3;URG III-COMENDADOR SOARES;E M COMPACTOR;EM;ECOCARDIOGRAMA;2
2024;3;URG III-COMENDADOR SOARES;E M COMPACTOR;EM;ELETROCARDIOGRAMA;1
2024;3;URG III-COMENDADOR SOARES;E M COMPACTOR;EM;EXAME LABORATORIAL;35
2024;3;URG III-COMENDADOR SOARES;E M DOM ADRIANO HIPOLITO;EM;ELETROCARDIOGRAMA;1
2024;3;URG III-COMENDADOR SOARES;E M DOM ADRIANO HIPOLITO;EM;EXAME LABORATORIAL;29
2024;3;URG III-COMENDADOR SOARES;E M DOM ADRIANO HIPOLITO;EM;ULTRASSOM;1
2024;3;URG III-COMENDADOR SOARES;E M IVONETE DOS SANTOS ALVES;EM;ECOCARDIOGRAMA;3
2024;3;URG III-COMENDADOR SOARES;E M IVONETE DOS SANTOS ALVES;EM;ELETROCARDIOGRAMA;1
2024;3;URG III-COMENDADOR SOARES;E M IVONETE DOS SANTOS ALVES;EM;EXAME LABORATORIAL;101
2024;3;URG III-COMENDADOR SOARES;E M IVONETE DOS SANTOS ALVES;EM;ULTRASSOM;2
2024;3;URG III-COMENDADOR SOARES;E M JOSE RIBEIRO GUIMARAES;EM;EXAME LABORATORIAL;80
2024;3;URG III-COMENDADOR SOARES;E M JOSE RIBEIRO GUIMARAES;EM;TOMOGRAFIA;1
2024;3;URG III-COMENDADOR SOARES;E M JOSE RIBEIRO GUIMARAES;EM;ULTRASSOM;1
2024;3;URG III-COMENDADOR SOARES;E M MARINETE CAVALCANTE DE OLIVEIRA;EM;EXAME LABORATORIAL;52
2024;3;URG III-COMENDADOR SOARES;E M NICANOR GONCALVES PEREIRA;EM;EXAME LABORATORIAL;24
2024;3;URG III-COMENDADOR SOARES;E M NICANOR GONCALVES PEREIRA;EM;ULTRASSOM;1
2024;3;URG III-COMENDADOR SOARES;E M PROF IRAMAR DA COSTA LIMA MIGUEL;EM;ECOCARDIOGRAMA;2
2024;3;URG III-COMENDADOR SOARES;E M PROF IRAMAR DA COSTA LIMA MIGUEL;EM;ELETROCARDIOGRAMA;2
2024;3;URG III-COMENDADOR SOARES;E M PROF IRAMAR DA COSTA LIMA MIGUEL;EM;EXAME LABORATORIAL;94
2024;3;URG III-COMENDADOR SOARES;E M PROF IRAMAR DA COSTA LIMA MIGUEL;EM;RAIO X;1
2024;3;URG III-COMENDADOR SOARES;E M PROF IRAMAR DA COSTA LIMA MIGUEL;EM;TOMOGRAFIA;1
2024;3;URG III-COMENDADOR SOARES;E M PROF IRAMAR DA COSTA LIMA MIGUEL;EM;ULTRASSOM;4
2024;3;URG III-COMENDADOR SOARES;E M SOUZA E MELLO;EM;ECOCARDIOGRAMA;1
2024;3;URG III-COMENDADOR SOARES;E M SOUZA E MELLO;EM;EXAME LABORATORIAL;46
2024;3;URG III-COMENDADOR SOARES;E M SOUZA E MELLO;EM;RAIO X;2
2024;3;URG III-COMENDADOR SOARES;EMEI RODRIGO TWARDOWSKY ALVES;CRECHE;ECOCARDIOGRAMA;2
2024;3;URG III-COMENDADOR SOARES;EMEI RODRIGO TWARDOWSKY ALVES;CRECHE;EXAME LABORATORIAL;26
2024;3;URG III-COMENDADOR SOARES;EMEI RODRIGO TWARDOWSKY ALVES;CRECHE;ULTRASSOM;2
2024;3;URG III-COMENDADOR SOARES;NÚCLEO COMUNITÁRIO DE EDUCAÇÃO INFANTIL SÃO JOSÉ OPERÁRIO;CONVENIADA;EXAME LABORATORIAL;7
2024;4;URG IV-CABUÇU;CENTRO INTEGRADO DE DESENVOLVIMENTO INFANTIL JUNENIL CIDI;CONVENIADA;EXAME LABORATORIAL;8
2024;4;URG IV-CABUÇU;CRECHE ANTÔNIO PINHEIRO MAGALHÃES;CRECHE;EXAME LABORATORIAL;6
2024;4;URG IV-CABUÇU;E M ABILIO RIBEIRO;EM;EXAME LABORATORIAL;27
2024;4;URG IV-CABUÇU;E M CAMPO ALEGRE;EM;EXAME LABORATORIAL;8
2024;4;URG IV-CABUÇU;E M CHAER KAZEN KALAOUN;EM;EXAME LABORATORIAL;37
2024;4;URG IV-CABUÇU;E M CHAER KAZEN KALAOUN;EM;MAMOGRAFIA;1
2024;4;URG IV-CABUÇU;E M CHAER KAZEN KALAOUN;EM;TOMOGRAFIA;1
2024;4;URG IV-CABUÇU;E M CHAER KAZEN KALAOUN;EM;ULTRASSOM;3
2024;4;URG IV-CABUÇU;E M DARCILIO AYRES RAUNHEITTI;EM;ECOCARDIOGRAMA;1
2024;4;URG IV-CABUÇU;E M DARCILIO AYRES RAUNHEITTI;EM;EXAME LABORATORIAL;119
2024;4;URG IV-CABUÇU;E M DARCILIO AYRES RAUNHEITTI;EM;RAIO X;1
2024;4;URG IV-CABUÇU;E M DARCILIO AYRES RAUNHEITTI;EM;ULTRASSOM;2
2024;4;URG IV-CABUÇU;E M DR JOSE FROES MACHADO;EM;ECOCARDIOGRAMA;3
2024;4;URG IV-CABUÇU;E M DR JOSE FROES MACHADO;EM;ELETROCARDIOGRAMA;6
2024;4;URG IV-CABUÇU;E M DR JOSE FROES MACHADO;EM;ENDOSCOPIA;1
2024;4;URG IV-CABUÇU;E M DR JOSE FROES MACHADO;EM;EXAME LABORATORIAL;140
2024;4;URG IV-CABUÇU;E M DR JOSE FROES MACHADO;EM;ULTRASSOM;4
2024;4;URG IV-CABUÇU;E M DR RUY BERCOT DE MATTOS;EM;ELETROCARDIOGRAMA;2
2024;4;URG IV-CABUÇU;E M DR RUY BERCOT DE MATTOS;EM;EXAME LABORATORIAL;17
2024;4;URG IV-CABUÇU;E M DR RUY BERCOT DE MATTOS;EM;ULTRASSOM;2
2024;4;URG IV-CABUÇU;E M FRANCISCO DE OLIVEIRA;EM;EXAME LABORATORIAL;35
2024;4;URG IV-CABUÇU;E M FRANCISCO DE OLIVEIRA;EM;ULTRASSOM;1
2024;4;URG IV-CABUÇU;E M IVANI VIGNE BABO;EM;EXAME LABORATORIAL;56
2024;4;URG IV-CABUÇU;E M JARDIM NOVA ERA;EM;ELETROCARDIOGRAMA;1
2024;4;URG IV-CABUÇU;E M JARDIM NOVA ERA;EM;EXAME LABORATORIAL;43
2024;4;URG IV-CABUÇU;E M PROF DULCE DE MOURA RAUNHEITTI RIBEIRO;EM;EXAME LABORATORIAL;66
2024;4;URG IV-CABUÇU;E M PROF EDNA UMBELINA DE SANT ANNA DA SILVA;EM;ELETROCARDIOGRAMA;1
2024;4;URG IV-CABUÇU;E M PROF EDNA UMBELINA DE SANT ANNA DA SILVA;EM;EXAME LABORATORIAL;60
2024;4;URG IV-CABUÇU;E M PROF EDNA UMBELINA DE SANT ANNA DA SILVA;EM;ULTRASSOM;2
2024;4;URG IV-CABUÇU;E M PROF ELIANA DE SOUZA PAPALEO MOURA ;EM;ELETROCARDIOGRAMA;1
2024;4;URG IV-CABUÇU;E M PROF ELIANA DE SOUZA PAPALEO MOURA ;EM;EXAME LABORATORIAL;34
2024;4;URG IV-CABUÇU;E M PROF JOAQUIM DE FREITAS;EM;ECOCARDIOGRAMA;1
2024;4;URG IV-CABUÇU;E M PROF JOAQUIM DE FREITAS;EM;ELETROCARDIOGRAMA;1
2024;4;URG IV-CABUÇU;E M PROF JOAQUIM DE FREITAS;EM;EXAME LABORATORIAL;39
2024;4;URG IV-CABUÇU;E M PROF JOAQUIM DE FREITAS;EM;TOMOGRAFIA;1
2024;4;URG IV-CABUÇU;E M PROF JOAQUIM DE FREITAS;EM;ULTRASSOM;1
2024;4;URG IV-CABUÇU;E M PROF LEOPOLDINA MACHADO BARBOSA DE BARROS;EM;EXAME LABORATORIAL;21
2024;4;URG IV-CABUÇU;E M PROF LEOPOLDINA MACHADO BARBOSA DE BARROS;EM;ULTRASSOM;1
2024;4;URG IV-CABUÇU;E M PROF MARIA CANDIDA SOBREIRA VIANNA;EM;ELETROCARDIOGRAMA;3
2024;4;URG IV-CABUÇU;E M PROF MARIA CANDIDA SOBREIRA VIANNA;EM;EXAME LABORATORIAL;65
2024;4;URG IV-CABUÇU;E M PROF MARIA CANDIDA SOBREIRA VIANNA;EM;ULTRASSOM;4
2024;4;URG IV-CABUÇU;E M PROF NABOR OTHUKI;EM;ECOCARDIOGRAMA;3
2024;4;URG IV-CABUÇU;E M PROF NABOR OTHUKI;EM;EXAME LABORATORIAL;25
2024;4;URG IV-CABUÇU;E M PROF NABOR OTHUKI;EM;ULTRASSOM;1
2024;4;URG IV-CABUÇU;E M PROF NEWTON GONCALVES DE BARROS;EM;ECOCARDIOGRAMA;1
2024;4;URG IV-CABUÇU;E M PROF NEWTON GONCALVES DE BARROS;EM;ELETROCARDIOGRAMA;2
2024;4;URG IV-CABUÇU;E M PROF NEWTON GONCALVES DE BARROS;EM;EXAME LABORATORIAL;66
2024;4;URG IV-CABUÇU;E M PROF NEWTON GONCALVES DE BARROS;EM;RAIO X;1
2024;4;URG IV-CABUÇU;E M PROF NEWTON GONCALVES DE BARROS;EM;ULTRASSOM;4
2024;4;URG IV-CABUÇU;E M TRES MARIAS;EM;ECOCARDIOGRAMA;1
2024;4;URG IV-CABUÇU;E M TRES MARIAS;EM;EXAME LABORATORIAL;88
2024;4;URG IV-CABUÇU;E M TRES MARIAS;EM;RAIO X;1
2024;4;URG IV-CABUÇU;E M TRES MARIAS;EM;TOMOGRAFIA;1
2024;4;URG IV-CABUÇU;E M TRES MARIAS;EM;ULTRASSOM;1
2024;4;URG IV-CABUÇU;E M VISCONDE DE ITABORAI;EM;ELETROCARDIOGRAMA;1
2024;4;URG IV-CABUÇU;E M VISCONDE DE ITABORAI;EM;EXAME LABORATORIAL;23
2024;4;URG IV-CABUÇU;EM PROF ELIANA MARTINS MAIA;EM;EXAME LABORATORIAL;26
2024;4;URG IV-CABUÇU;EMEI LEILA MARIA CÔRTES SAMPAIO;CRECHE;EXAME LABORATORIAL;11
2024;4;URG IV-CABUÇU;EMEI MONTE SOL;CRECHE;EXAME LABORATORIAL;23
2024;4;URG IV-CABUÇU;EMEI MONTE SOL;CRECHE;ULTRASSOM;2
2024;4;URG IV-CABUÇU;GRUPO AÇÃO COMUNITÁRIO CORAÇÃO DE MÃE;CONVENIADA;EXAME LABORATORIAL;12
2024;4;URG IV-CABUÇU;SOCIEDADE BENEFICIENTE DE CAMPO ALEGRE SOBEM  ;CONVENIADA;EXAME LABORATORIAL;7
2024;5;URG V-KM 32;CIEP BRIZOLAO 033 ALFREDO DA ROCHA VIANA FILHO;EM;ECOCARDIOGRAMA;2
2024;5;URG V-KM 32;CIEP BRIZOLAO 033 ALFREDO DA ROCHA VIANA FILHO;EM;EXAME LABORATORIAL;55
2024;5;URG V-KM 32;CIEP BRIZOLAO 033 ALFREDO DA ROCHA VIANA FILHO;EM;RAIO X;1
2024;5;URG V-KM 32;CIEP BRIZOLAO 033 ALFREDO DA ROCHA VIANA FILHO;EM;ULTRASSOM;1
2024;5;URG V-KM 32;CIEP BRIZOLAO 187 BENEDITO LARANJEIRAS;EM;EXAME LABORATORIAL;81
2024;5;URG V-KM 32;CIEP BRIZOLAO 325 AUSTREGESILO DE ATHAYDE;EM;ECOCARDIOGRAMA;2
2024;5;URG V-KM 32;CIEP BRIZOLAO 325 AUSTREGESILO DE ATHAYDE;EM;ELETROCARDIOGRAMA;1
2024;5;URG V-KM 32;CIEP BRIZOLAO 325 AUSTREGESILO DE ATHAYDE;EM;EXAME LABORATORIAL;59
2024;5;URG V-KM 32;CIEP BRIZOLAO 325 AUSTREGESILO DE ATHAYDE;EM;TOMOGRAFIA;1
2024;5;URG V-KM 32;CIEP BRIZOLAO 325 AUSTREGESILO DE ATHAYDE;EM;ULTRASSOM;1
2024;5;URG V-KM 32;CIEP BRIZOLAO 360 PROF IARA SIMÃO VIEIRA;EM;ECOCARDIOGRAMA;2
2024;5;URG V-KM 32;CIEP BRIZOLAO 360 PROF IARA SIMÃO VIEIRA;EM;EXAME LABORATORIAL;63
2024;5;URG V-KM 32;CIEP BRIZOLAO 360 PROF IARA SIMÃO VIEIRA;EM;RAIO X;1
2024;5;URG V-KM 32;CIEP BRIZOLAO 360 PROF IARA SIMÃO VIEIRA;EM;ULTRASSOM;1
2024;5;URG V-KM 32;CIEP BRIZOLAO 373 BRIGADEIRO TEIXEIRA;EM;ECOCARDIOGRAMA;1
2024;5;URG V-KM 32;CIEP BRIZOLAO 373 BRIGADEIRO TEIXEIRA;EM;EXAME LABORATORIAL;31
2024;5;URG V-KM 32;CIEP BRIZOLAO 373 BRIGADEIRO TEIXEIRA;EM;ULTRASSOM;1
2024;5;URG V-KM 32;E M ALFREDO JOSE SOARES;EM;EXAME LABORATORIAL;68
2024;5;URG V-KM 32;E M ALFREDO JOSE SOARES;EM;ULTRASSOM;4
2024;5;URG V-KM 32;E M ALFREDO PEREIRA DE MAGALHAES;EM;ELETROCARDIOGRAMA;1
2024;5;URG V-KM 32;E M ALFREDO PEREIRA DE MAGALHAES;EM;EXAME LABORATORIAL;37
2024;5;URG V-KM 32;E M ALFREDO PEREIRA DE MAGALHAES;EM;ULTRASSOM;2
2024;5;URG V-KM 32;E M ERYK DA CRUZ LAIA;EM;EXAME LABORATORIAL;37
2024;5;URG V-KM 32;E M ERYK DA CRUZ LAIA;EM;ULTRASSOM;2
2024;5;URG V-KM 32;E M JOSE REIS;EM;ECOCARDIOGRAMA;1
2024;5;URG V-KM 32;E M JOSE REIS;EM;EXAME LABORATORIAL;20
2024;5;URG V-KM 32;E M PERA FLOR;EM;ECOCARDIOGRAMA;2
2024;5;URG V-KM 32;E M PERA FLOR;EM;ELETROCARDIOGRAMA;2
2024;5;URG V-KM 32;E M PERA FLOR;EM;EXAME LABORATORIAL;91
2024;5;URG V-KM 32;E M PERA FLOR;EM;ULTRASSOM;3
2024;5;URG V-KM 32;E M PROF AIMEE CARREIRO FIGUEIREDO;EM;EXAME LABORATORIAL;42
2024;5;URG V-KM 32;E M PROF AIMEE CARREIRO FIGUEIREDO;EM;ULTRASSOM;4
2024;5;URG V-KM 32;E M PROF CREUZA ALARCAO SOBRAL;EM;EXAME LABORATORIAL;62
2024;5;URG V-KM 32;E M PROF CREUZA ALARCAO SOBRAL;EM;ULTRASSOM;3
2024;5;URG V-KM 32;E M PROF LEONARDO CARIELO DE ALMEIDA;EM;ECOCARDIOGRAMA;2
2024;5;URG V-KM 32;E M PROF LEONARDO CARIELO DE ALMEIDA;EM;ELETROCARDIOGRAMA;2
2024;5;URG V-KM 32;E M PROF LEONARDO CARIELO DE ALMEIDA;EM;EXAME LABORATORIAL;25
2024;5;URG V-KM 32;E M PROF MARLY TUPACINUNGA DE MATTOS;EM;ELETROCARDIOGRAMA;2
2024;5;URG V-KM 32;E M PROF MARLY TUPACINUNGA DE MATTOS;EM;EXAME LABORATORIAL;32
2024;5;URG V-KM 32;E M PROF PRISCILLA BOUCAS VILLA NOVA;EM;ECOCARDIOGRAMA;1
2024;5;URG V-KM 32;E M PROF PRISCILLA BOUCAS VILLA NOVA;EM;ELETROCARDIOGRAMA;3
2024;5;URG V-KM 32;E M PROF PRISCILLA BOUCAS VILLA NOVA;EM;EXAME LABORATORIAL;36
2024;5;URG V-KM 32;E M PROF PRISCILLA BOUCAS VILLA NOVA;EM;ULTRASSOM;2
2024;5;URG V-KM 32;E M SHANGRI LA;EM;EXAME LABORATORIAL;18
2024;5;URG V-KM 32;E M VILA JOAO CORREA;EM;EXAME LABORATORIAL;22
2024;5;URG V-KM 32;E M VILA JOAO CORREA;EM;ULTRASSOM;2
2024;5;URG V-KM 32;EMEI HELIO MONTEZANO DE OLIVEIRA;CRECHE;EXAME LABORATORIAL;30
2024;5;URG V-KM 32;EMEI JARDIM EUROPA;CRECHE;EXAME LABORATORIAL;8
2024;5;URG V-KM 32;EMEI NISIA SOUZA MARCONDES;CRECHE;EXAME LABORATORIAL;16
2024;5;URG V-KM 32;EMEI PATRICIA M GASPAR SOMMA PEREIRA;CRECHE;ECOCARDIOGRAMA;2
2024;5;URG V-KM 32;EMEI PATRICIA M GASPAR SOMMA PEREIRA;CRECHE;EXAME LABORATORIAL;14
2024;6;URG VI-AUSTIN;CRECHE MUNICIPAL PROF.CARLOS ALBERTO HORTA AVELINO;CRECHE;EXAME LABORATORIAL;3
2024;6;URG VI-AUSTIN;CRECHE MUNICIPAL PROF.CARLOS ALBERTO HORTA AVELINO;CRECHE;ULTRASSOM;1
2024;6;URG VI-AUSTIN;E M ALTHAIR PIMENTA DE MORAES;EM;ECOCARDIOGRAMA;3
2024;6;URG VI-AUSTIN;E M ALTHAIR PIMENTA DE MORAES;EM;EXAME LABORATORIAL;157
2024;6;URG VI-AUSTIN;E M ALTHAIR PIMENTA DE MORAES;EM;ULTRASSOM;2
2024;6;URG VI-AUSTIN;E M DR JOSE BRIGAGAO FERREIRA;EM;EXAME LABORATORIAL;34
2024;6;URG VI-AUSTIN;E M DR ODIR ARAUJO;EM;EXAME LABORATORIAL;41
2024;6;URG VI-AUSTIN;E M GOVERNADOR LEONEL DE MOURA BRIZOLA;EM;ECOCARDIOGRAMA;2
2024;6;URG VI-AUSTIN;E M GOVERNADOR LEONEL DE MOURA BRIZOLA;EM;EXAME LABORATORIAL;74
2024;6;URG VI-AUSTIN;E M JOSE DE ANCHIETA;EM;ELETROCARDIOGRAMA;1
2024;6;URG VI-AUSTIN;E M JOSE DE ANCHIETA;EM;EXAME LABORATORIAL;30
2024;6;URG VI-AUSTIN;E M JOSE DE ANCHIETA;EM;ULTRASSOM;2
2024;6;URG VI-AUSTIN;E M JOSE LUIZ DA SILVA;EM;ECOCARDIOGRAMA;1
2024;6;URG VI-AUSTIN;E M JOSE LUIZ DA SILVA;EM;EXAME LABORATORIAL;39
2024;6;URG VI-AUSTIN;E M JOSE LUIZ DA SILVA;EM;ULTRASSOM;1
2024;6;URG VI-AUSTIN;E M KERMA MOREIRA FRANCO;EM;ECOCARDIOGRAMA;1
2024;6;URG VI-AUSTIN;E M KERMA MOREIRA FRANCO;EM;EXAME LABORATORIAL;98
2024;6;URG VI-AUSTIN;E M KERMA MOREIRA FRANCO;EM;ULTRASSOM;2
2024;6;URG VI-AUSTIN;E M NENA RODRIGUES;EM;ECOCARDIOGRAMA;6
2024;6;URG VI-AUSTIN;E M NENA RODRIGUES;EM;EXAME LABORATORIAL;51
2024;6;URG VI-AUSTIN;E M NENA RODRIGUES;EM;RAIO X;1
2024;6;URG VI-AUSTIN;E M NENA RODRIGUES;EM;ULTRASSOM;2
2024;6;URG VI-AUSTIN;E M PROF ENILZA BARROS DOS SANTOS CHICONELLI;EM;ECOCARDIOGRAMA;1
2024;6;URG VI-AUSTIN;E M PROF ENILZA BARROS DOS SANTOS CHICONELLI;EM;ELETROCARDIOGRAMA;1
2024;6;URG VI-AUSTIN;E M PROF ENILZA BARROS DOS SANTOS CHICONELLI;EM;EXAME LABORATORIAL;92
2024;6;URG VI-AUSTIN;E M PROF ENILZA BARROS DOS SANTOS CHICONELLI;EM;ULTRASSOM;2
2024;6;URG VI-AUSTIN;E M PROF FRANKLIN BOLIVAR FERNANDES;EM;EXAME LABORATORIAL;34
2024;6;URG VI-AUSTIN;E M PROF FRANKLIN BOLIVAR FERNANDES;EM;ULTRASSOM;1
2024;6;URG VI-AUSTIN;E M PROF MARCIO CAULINO SOARES;EM;ECOCARDIOGRAMA;1
2024;6;URG VI-AUSTIN;E M PROF MARCIO CAULINO SOARES;EM;ELETROCARDIOGRAMA;3
2024;6;URG VI-AUSTIN;E M PROF MARCIO CAULINO SOARES;EM;EXAME LABORATORIAL;139
2024;6;URG VI-AUSTIN;E M PROF MARCIO CAULINO SOARES;EM;MAMOGRAFIA;1
2024;6;URG VI-AUSTIN;E M PROF MARCIO CAULINO SOARES;EM;RAIO X;1
2024;6;URG VI-AUSTIN;E M PROF MARCIO CAULINO SOARES;EM;ULTRASSOM;2
2024;6;URG VI-AUSTIN;E M RUI BARBOSA;EM;EXAME LABORATORIAL;64
2024;6;URG VI-AUSTIN;E M WALFREDO DA SILVA LESSA;EM;ELETROCARDIOGRAMA;2
2024;6;URG VI-AUSTIN;E M WALFREDO DA SILVA LESSA;EM;EXAME LABORATORIAL;30
2024;6;URG VI-AUSTIN;EMEI OLGA CELESTINA GILIBERTI ALMEIDA;CRECHE;EXAME LABORATORIAL;34
2024;6;URG VI-AUSTIN;EMEI OLGA CELESTINA GILIBERTI ALMEIDA;CRECHE;ULTRASSOM;1
2024;6;URG VI-AUSTIN;EMEI VILA SAO MIGUEL;CRECHE;EXAME LABORATORIAL;29
2024;6;URG VI-AUSTIN;EMEI VILA SAO MIGUEL;CRECHE;ULTRASSOM;2
2024;7;URG VII-VILA DE CAVA;CENTRO COMUNITÁRIO SÃO SEBASTIÃO DE VILA DE CAVA CECOM;CONVENIADA;EXAME LABORATORIAL;4
2024;7;URG VII-VILA DE CAVA;CENTRO COMUNITÁRIO SÃO SEBASTIÃO DE VILA DE CAVA CECOM;CONVENIADA;ULTRASSOM;1
2024;7;URG VII-VILA DE CAVA;CENTRO COMUNITÁRIO SÃO SEBASTIÃO DE VILA DE CAVA CECOM FÉ E ESPERANÇA;CONVENIADA;EXAME LABORATORIAL;15
2024;7;URG VII-VILA DE CAVA;CRECHE MUNICIPAL PROF. DENISE FERNANDES DA SILVA PAULINO;CRECHE;EXAME LABORATORIAL;7
2024;7;URG VII-VILA DE CAVA;CRECHE MUNICIPAL PROF. DENISE FERNANDES DA SILVA PAULINO;CRECHE;ULTRASSOM;1
2024;7;URG VII-VILA DE CAVA;CRECHE MUNICIPAL PROF. LUCIANA COSTA MARTINS;CRECHE;EXAME LABORATORIAL;25
2024;7;URG VII-VILA DE CAVA;E M ADRIANOPOLIS;EM;EXAME LABORATORIAL;5
2024;7;URG VII-VILA DE CAVA;E M AMERICA XAVIER DA SILVEIRA;EM;EXAME LABORATORIAL;30
2024;7;URG VII-VILA DE CAVA;E M AMERICA XAVIER DA SILVEIRA;EM;RAIO X;1
2024;7;URG VII-VILA DE CAVA;E M AMERICA XAVIER DA SILVEIRA;EM;ULTRASSOM;1
2024;7;URG VII-VILA DE CAVA;E M AMINTHAS PEREIRA;EM;EXAME LABORATORIAL;36
2024;7;URG VII-VILA DE CAVA;E M AMINTHAS PEREIRA;EM;RAIO X;1
2024;7;URG VII-VILA DE CAVA;E M AMINTHAS PEREIRA;EM;ULTRASSOM;2
2024;7;URG VII-VILA DE CAVA;E M BARAO DO GUANDU;EM;EXAME LABORATORIAL;7
2024;7;URG VII-VILA DE CAVA;E M DR JUVENIL DE SOUZA LOPES;EM;EXAME LABORATORIAL;26
2024;7;URG VII-VILA DE CAVA;E M DR JUVENIL DE SOUZA LOPES;EM;ULTRASSOM;1
2024;7;URG VII-VILA DE CAVA;E M JOSÉ PACIFICO;EM;ECOCARDIOGRAMA;1
2024;7;URG VII-VILA DE CAVA;E M JOSÉ PACIFICO;EM;ELETROCARDIOGRAMA;1
2024;7;URG VII-VILA DE CAVA;E M JOSÉ PACIFICO;EM;EXAME LABORATORIAL;87
2024;7;URG VII-VILA DE CAVA;E M JOSÉ PACIFICO;EM;ULTRASSOM;1
2024;7;URG VII-VILA DE CAVA;E M MARCILIO DIAS;EM;ELETROCARDIOGRAMA;2
2024;7;URG VII-VILA DE CAVA;E M MARCILIO DIAS;EM;EXAME LABORATORIAL;44
2024;7;URG VII-VILA DE CAVA;E M MARCILIO DIAS;EM;RAIO X;2
2024;7;URG VII-VILA DE CAVA;E M MARCILIO DIAS;EM;ULTRASSOM;1
2024;7;URG VII-VILA DE CAVA;E M ORESTES BERNARDO CABRAL;EM;ECOCARDIOGRAMA;5
2024;7;URG VII-VILA DE CAVA;E M ORESTES BERNARDO CABRAL;EM;EXAME LABORATORIAL;100
2024;7;URG VII-VILA DE CAVA;E M ORESTES BERNARDO CABRAL;EM;TOMOGRAFIA;1
2024;7;URG VII-VILA DE CAVA;E M ORESTES BERNARDO CABRAL;EM;ULTRASSOM;4
2024;7;URG VII-VILA DE CAVA;E M PROF IRENE DA SILVA OLIVEIRA;EM;ELETROCARDIOGRAMA;1
2024;7;URG VII-VILA DE CAVA;E M PROF IRENE DA SILVA OLIVEIRA;EM;EXAME LABORATORIAL;42
2024;7;URG VII-VILA DE CAVA;E M PROF IRENE DA SILVA OLIVEIRA;EM;RESSONÂNCIA;1
2024;7;URG VII-VILA DE CAVA;E M PROF LUCIA HELENA DE LIMA;EM;ELETROCARDIOGRAMA;2
2024;7;URG VII-VILA DE CAVA;E M PROF LUCIA HELENA DE LIMA;EM;EXAME LABORATORIAL;40
2024;7;URG VII-VILA DE CAVA;E M PROF LUCIA HELENA DE LIMA;EM;ULTRASSOM;1
2024;7;URG VII-VILA DE CAVA;EMEI GLAUCO JOSE VAZ GONCALVES;CRECHE;EXAME LABORATORIAL;25
2024;8;URG VIII-MIGUEL COUTO;E M ANTONIO PINHEIRO GUIMARAES VICTORY;EM;EXAME LABORATORIAL;30
2024;8;URG VIII-MIGUEL COUTO;E M ANTONIO PINHEIRO GUIMARAES VICTORY;EM;RAIO X;1
2024;8;URG VIII-MIGUEL COUTO;E M ANTONIO PINHEIRO GUIMARAES VICTORY;EM;ULTRASSOM;1
2024;8;URG VIII-MIGUEL COUTO;E M AYRTON SENNA;EM;EXAME LABORATORIAL;51
2024;8;URG VIII-MIGUEL COUTO;E M AYRTON SENNA;EM;RAIO X;1
2024;8;URG VIII-MIGUEL COUTO;E M FLOR DE LIS;EM;ELETROCARDIOGRAMA;3
2024;8;URG VIII-MIGUEL COUTO;E M FLOR DE LIS;EM;EXAME LABORATORIAL;64
2024;8;URG VIII-MIGUEL COUTO;E M JANIR CLEMENTINO PEREIRA;EM;ELETROCARDIOGRAMA;3
2024;8;URG VIII-MIGUEL COUTO;E M JANIR CLEMENTINO PEREIRA;EM;EXAME LABORATORIAL;36
2024;8;URG VIII-MIGUEL COUTO;E M JANIR CLEMENTINO PEREIRA;EM;RAIO X;1
2024;8;URG VIII-MIGUEL COUTO;E M JANIR CLEMENTINO PEREIRA;EM;ULTRASSOM;2
2024;8;URG VIII-MIGUEL COUTO;E M PAULO ROBERTO FIORENZANO ARAUJO;EM;EXAME LABORATORIAL;18
2024;8;URG VIII-MIGUEL COUTO;E M PROF ANNA MARIA RAMALHO;EM;ECOCARDIOGRAMA;1
2024;8;URG VIII-MIGUEL COUTO;E M PROF ANNA MARIA RAMALHO;EM;EXAME LABORATORIAL;104
2024;8;URG VIII-MIGUEL COUTO;E M PROF ANNA MARIA RAMALHO;EM;RAIO X;1
2024;8;URG VIII-MIGUEL COUTO;E M PROF ANNA MARIA RAMALHO;EM;ULTRASSOM;6
2024;8;URG VIII-MIGUEL COUTO;E M PROF DARCY RIBEIRO;EM;ELETROCARDIOGRAMA;1
2024;8;URG VIII-MIGUEL COUTO;E M PROF DARCY RIBEIRO;EM;EXAME LABORATORIAL;34
2024;8;URG VIII-MIGUEL COUTO;E M PROF DARCY RIBEIRO;EM;RESSONÂNCIA;1
2024;8;URG VIII-MIGUEL COUTO;E M PROF DARCY RIBEIRO;EM;ULTRASSOM;3
2024;8;URG VIII-MIGUEL COUTO;E M PROF HAULER DA SILVA FERREIRA;EM;ECOCARDIOGRAMA;2
2024;8;URG VIII-MIGUEL COUTO;E M PROF HAULER DA SILVA FERREIRA;EM;ELETROCARDIOGRAMA;1
2024;8;URG VIII-MIGUEL COUTO;E M PROF HAULER DA SILVA FERREIRA;EM;EXAME LABORATORIAL;41
2024;8;URG VIII-MIGUEL COUTO;E M PROF HAULER DA SILVA FERREIRA;EM;ULTRASSOM;3
2024;8;URG VIII-MIGUEL COUTO;E M PROF RUY AFRANIO PEIXOTO;EM;EXAME LABORATORIAL;78
2024;8;URG VIII-MIGUEL COUTO;E M PROF RUY AFRANIO PEIXOTO;EM;RAIO X;1
2024;8;URG VIII-MIGUEL COUTO;E M SAO MIGUEL ARCANJO;EM;EXAME LABORATORIAL;43
2024;8;URG VIII-MIGUEL COUTO;EMEI CASA DA CRIANCA DE MIGUEL COUTO;CRECHE;EXAME LABORATORIAL;18
2024;9;URG IX-TINGUA;E M BARAO DE TINGUA;EM;ECOCARDIOGRAMA;1
2024;9;URG IX-TINGUA;E M BARAO DE TINGUA;EM;EXAME LABORATORIAL;10
2024;9;URG IX-TINGUA;E M DE JACERUBA;EM;EXAME LABORATORIAL;5
2024;9;URG IX-TINGUA;E M JARDIM MONTEVIDEO;EM;EXAME LABORATORIAL;3
2024;9;URG IX-TINGUA;E M PROF LUCIA VIANA CAPELLI;EM;ECOCARDIOGRAMA;1
2024;9;URG IX-TINGUA;E M PROF LUCIA VIANA CAPELLI;EM;EXAME LABORATORIAL;31
2024;9;URG IX-TINGUA;E M PROF THEREZINHA DE JESUS ARAUJO HERMIDA;EM;EXAME LABORATORIAL;24
2024;9;URG IX-TINGUA;E M PROF THEREZINHA DE JESUS ARAUJO HERMIDA;EM;ULTRASSOM;2
2024;9;URG IX-TINGUA;EMEI TERRA DE MARAMBAIA;CRECHE;ELETROCARDIOGRAMA;2
2024;9;URG IX-TINGUA;EMEI TERRA DE MARAMBAIA;CRECHE;EXAME LABORATORIAL;14
2025;1;URG I-CENTRO;ASSOCIAÇÃO CRESCENDO COM CRISTO;CONVENIADA;EXAME LABORATORIAL;13
2025;1;URG I-CENTRO;CAIESP CASTORINA FARIA LIMA;EM;ECOCARDIOGRAMA;2
2025;1;URG I-CENTRO;CAIESP CASTORINA FARIA LIMA;EM;ELETROCARDIOGRAMA;2
2025;1;URG I-CENTRO;CAIESP CASTORINA FARIA LIMA;EM;EXAME LABORATORIAL;9
2025;1;URG I-CENTRO;CAIESP CASTORINA FARIA LIMA;EM;ULTRASSOM;2
2025;1;URG I-CENTRO;CRECHE MUNICIPAL PROF. MARIA APARECIDA DE SOUZA;CRECHE;EXAME LABORATORIAL;4
2025;1;URG I-CENTRO;CRECHE MUNICIPAL PROF. MARIA LUZIANA RODRIGUES CHAVES;CRECHE;EXAME LABORATORIAL;6
2025;1;URG I-CENTRO;E M CAPISTRANO DE ABREU;EM;EXAME LABORATORIAL;7
2025;1;URG I-CENTRO;E M CAPISTRANO DE ABREU;EM;MAMOGRAFIA;1
2025;1;URG I-CENTRO;E M CAPITÃO SILVINO AZEREDO;EM;ELETROCARDIOGRAMA;3
2025;1;URG I-CENTRO;E M CAPITÃO SILVINO AZEREDO;EM;EXAME LABORATORIAL;45
2025;1;URG I-CENTRO;E M CAPITÃO SILVINO AZEREDO;EM;RAIO X;1
2025;1;URG I-CENTRO;E M CAPITÃO SILVINO AZEREDO;EM;ULTRASSOM;3
2025;1;URG I-CENTRO;E M DR RUBENS FALCAO;EM;ELETROCARDIOGRAMA;3
2025;1;URG I-CENTRO;E M DR RUBENS FALCAO;EM;EXAME LABORATORIAL;71
2025;1;URG I-CENTRO;E M DR RUBENS FALCAO;EM;MAMOGRAFIA;1
2025;1;URG I-CENTRO;E M DR RUBENS FALCAO;EM;RAIO X;1
2025;1;URG I-CENTRO;E M DR THIBAU;EM;EXAME LABORATORIAL;18
2025;1;URG I-CENTRO;E M ENGENHO PEQUENO;EM;ELETROCARDIOGRAMA;3
2025;1;URG I-CENTRO;E M ENGENHO PEQUENO;EM;EXAME LABORATORIAL;78
2025;1;URG I-CENTRO;E M ENGENHO PEQUENO;EM;RAIO X;1
2025;1;URG I-CENTRO;E M ENGENHO PEQUENO;EM;ULTRASSOM;4
2025;1;URG I-CENTRO;E M FRANCA CARVALHO;EM;ECOCARDIOGRAMA;1
2025;1;URG I-CENTRO;E M FRANCA CARVALHO;EM;EXAME LABORATORIAL;37
2025;1;URG I-CENTRO;E M HEITOR DANTAS;EM;EXAME LABORATORIAL;28
2025;1;URG I-CENTRO;E M JANICI FERREIRA MAIA ;EM;EXAME LABORATORIAL;36
2025;1;URG I-CENTRO;E M JANICI FERREIRA MAIA ;EM;ULTRASSOM;1
2025;1;URG I-CENTRO;E M JULIO RABELLO GUIMARAES;EM;ECOCARDIOGRAMA;1
2025;1;URG I-CENTRO;E M JULIO RABELLO GUIMARAES;EM;EXAME LABORATORIAL;60
2025;1;URG I-CENTRO;E M MANOEL JOAO GONCALVES;EM;ELETROCARDIOGRAMA;1
2025;1;URG I-CENTRO;E M MANOEL JOAO GONCALVES;EM;EXAME LABORATORIAL;12
2025;1;URG I-CENTRO;E M MARECHAL MASCARENHAS DE MORAES;EM;ECOCARDIOGRAMA;1
2025;1;URG I-CENTRO;E M MARECHAL MASCARENHAS DE MORAES;EM;EXAME LABORATORIAL;75
2025;1;URG I-CENTRO;E M MARECHAL MASCARENHAS DE MORAES;EM;ULTRASSOM;1
2025;1;URG I-CENTRO;E M MENINOS DE DEUS;EM;ELETROCARDIOGRAMA;2
2025;1;URG I-CENTRO;E M MENINOS DE DEUS;EM;EXAME LABORATORIAL;15
2025;1;URG I-CENTRO;E M MONTEIRO LOBATO;EM;ELETROCARDIOGRAMA;2
2025;1;URG I-CENTRO;E M MONTEIRO LOBATO;EM;EXAME LABORATORIAL;79
2025;1;URG I-CENTRO;E M MONTEIRO LOBATO;EM;TOMOGRAFIA;1
2025;1;URG I-CENTRO;E M MONTEIRO LOBATO;EM;ULTRASSOM;2
2025;1;URG I-CENTRO;E M PADRE AGOSTINHO PRETTO;EM;EXAME LABORATORIAL;38
2025;1;URG I-CENTRO;E M PADRE AGOSTINHO PRETTO;EM;RAIO X;2
2025;1;URG I-CENTRO;E M PADRE AGOSTINHO PRETTO;EM;ULTRASSOM;3
2025;1;URG I-CENTRO;E M PROF AMAZOR VIEIRA BORGES;EM;ELETROCARDIOGRAMA;1
2025;1;URG I-CENTRO;E M PROF AMAZOR VIEIRA BORGES;EM;ENDOSCOPIA;1
2025;1;URG I-CENTRO;E M PROF AMAZOR VIEIRA BORGES;EM;EXAME LABORATORIAL;63
2025;1;URG I-CENTRO;E M PROF AMAZOR VIEIRA BORGES;EM;ULTRASSOM;1
2025;1;URG I-CENTRO;E M PROF EMILIO LUIZ PEDROSO ARAUJO;EM;ECOCARDIOGRAMA;1
2025;1;URG I-CENTRO;E M PROF EMILIO LUIZ PEDROSO ARAUJO;EM;EXAME LABORATORIAL;53
2025;1;URG I-CENTRO;E M PROF IZABEL DOS SANTOS SOARES MELLO;EM;EXAME LABORATORIAL;33
2025;1;URG I-CENTRO;E M PROF IZABEL DOS SANTOS SOARES MELLO;EM;RAIO X;1
2025;1;URG I-CENTRO;E M PROF IZABEL DOS SANTOS SOARES MELLO;EM;ULTRASSOM;2
2025;1;URG I-CENTRO;E M PROF ORNELIA LIPPI ASSUMPCAO;EM;ECOCARDIOGRAMA;1
2025;1;URG I-CENTRO;E M PROF ORNELIA LIPPI ASSUMPCAO;EM;EXAME LABORATORIAL;4
2025;1;URG I-CENTRO;E M PROF OSIRES NEVES;EM;ELETROCARDIOGRAMA;1
2025;1;URG I-CENTRO;E M PROF OSIRES NEVES;EM;EXAME LABORATORIAL;68
2025;1;URG I-CENTRO;E M PROF OSIRES NEVES;EM;ULTRASSOM;3
2025;1;URG I-CENTRO;E M PROF PAULO FREIRE;EM;ELETROCARDIOGRAMA;2
2025;1;URG I-CENTRO;E M PROF PAULO FREIRE;EM;EXAME LABORATORIAL;15
2025;1;URG I-CENTRO;E M PROF PAULO FREIRE;EM;ULTRASSOM;1
2025;1;URG I-CENTRO;E M PROF RUY DE QUEIROZ;EM;EXAME LABORATORIAL;17
2025;1;URG I-CENTRO;E.M PROF EDIVALDO BARROS DE OLIVEIRA;CRECHE;EXAME LABORATORIAL;9
2025;1;URG I-CENTRO;EMEI JESUS BOM PASTOR;CRECHE;ECOCARDIOGRAMA;1
2025;1;URG I-CENTRO;EMEI JESUS BOM PASTOR;CRECHE;EXAME LABORATORIAL;15
2025;1;URG I-CENTRO;EMEI JESUS BOM PASTOR;CRECHE;TOMOGRAFIA;1
2025;1;URG I-CENTRO;EMEI JESUS BOM PASTOR;CRECHE;ULTRASSOM;1
2025;1;URG I-CENTRO;EMEI SAO BENEDITO;CRECHE;EXAME LABORATORIAL;33
2025;1;URG I-CENTRO;EMEI SAO BENEDITO;CRECHE;ULTRASSOM;1
2025;1;URG I-CENTRO;SOCIEDADE FILANTRÓPICA SÃO VICENTE PATRONATO;CONVENIADA;EXAME LABORATORIAL;9
2025;2;URG II-POSSE;AELO - EDUCANDÁRIO SÃO LÁZARO;CONVENIADA;EXAME LABORATORIAL;17
2025;2;URG II-POSSE;AVICRES ASSOCIAÇÃO VIDA NO CRESCIMENTO E NA SOLIDARIEDADE;CONVENIADA;EXAME LABORATORIAL;5
2025;2;URG II-POSSE;AVICRES ASSOCIAÇÃO VIDA NO CRESCIMENTO E NA SOLIDARIEDADE;CONVENIADA;ULTRASSOM;1
2025;2;URG II-POSSE;C M E E ESPECIAL PAUL HARRIS;EM;EXAME LABORATORIAL;25
2025;2;URG II-POSSE;C M E E ESPECIAL PAUL HARRIS;EM;ULTRASSOM;1
2025;2;URG II-POSSE;CIEP BRIZOLAO 099 DR BOLIVARD GOMES DE ASSUMPCAO;EM;ELETROCARDIOGRAMA;3
2025;2;URG II-POSSE;CIEP BRIZOLAO 099 DR BOLIVARD GOMES DE ASSUMPCAO;EM;EXAME LABORATORIAL;40
2025;2;URG II-POSSE;CIEP BRIZOLAO 099 DR BOLIVARD GOMES DE ASSUMPCAO;EM;ULTRASSOM;2
2025;2;URG II-POSSE;CRECHE MUNICIPAL PROF ANA CLÁUDIA MARTINS DE SOUZA;CRECHE;EXAME LABORATORIAL;15
2025;2;URG II-POSSE;CRECHE MUNICIPAL PROF ANA CLÁUDIA MARTINS DE SOUZA;CRECHE;RESSONÂNCIA;1
2025;2;URG II-POSSE;CRECHE MUNICIPAL PROF ANA CLÁUDIA MARTINS DE SOUZA;CRECHE;ULTRASSOM;1
2025;2;URG II-POSSE;E M DOUGLAS BRASIL;EM;ECOCARDIOGRAMA;3
2025;2;URG II-POSSE;E M DOUGLAS BRASIL;EM;ECOCARDIOGRAMA DE CARÓTIDAS;1
2025;2;URG II-POSSE;E M DOUGLAS BRASIL;EM;ELETROCARDIOGRAMA;1
2025;2;URG II-POSSE;E M DOUGLAS BRASIL;EM;EXAME LABORATORIAL;132
2025;2;URG II-POSSE;E M DOUGLAS BRASIL;EM;RAIO X;1
2025;2;URG II-POSSE;E M DOUGLAS BRASIL;EM;ULTRASSOM;3
2025;2;URG II-POSSE;E M DR ORLANDO MELLO;EM;ECOCARDIOGRAMA;1
2025;2;URG II-POSSE;E M DR ORLANDO MELLO;EM;EXAME LABORATORIAL;78
2025;2;URG II-POSSE;E M DR ORLANDO MELLO;EM;RESSONÂNCIA;1
2025;2;URG II-POSSE;E M DR ORLANDO MELLO;EM;ULTRASSOM;3
2025;2;URG II-POSSE;E M ESTANISLAU RIBEIRO DO AMARAL;EM;EXAME LABORATORIAL;27
2025;2;URG II-POSSE;E M GUINLE;EM;EXAME LABORATORIAL;20
2025;2;URG II-POSSE;E M GUINLE;EM;RAIO X;1
2025;2;URG II-POSSE;E M HERBERT MOSES;EM;ECOCARDIOGRAMA;1
2025;2;URG II-POSSE;E M HERBERT MOSES;EM;ELETROCARDIOGRAMA;1
2025;2;URG II-POSSE;E M HERBERT MOSES;EM;EXAME LABORATORIAL;46
2025;2;URG II-POSSE;E M HERBERT MOSES;EM;ULTRASSOM;1
2025;2;URG II-POSSE;E M LUIZ DE LEMOS;EM;ELETROCARDIOGRAMA;2
2025;2;URG II-POSSE;E M LUIZ DE LEMOS;EM;EXAME LABORATORIAL;63
2025;2;URG II-POSSE;E M LUIZ DE LEMOS;EM;TOMOGRAFIA;1
2025;2;URG II-POSSE;E M MARIA ELIONDAS DOS SANTOS;EM;EXAME LABORATORIAL;20
2025;2;URG II-POSSE;E M MARIA ELIONDAS DOS SANTOS;EM;RAIO X;1
2025;2;URG II-POSSE;E M PRESIDENTE GETULIO DORNELLES VARGAS;EM;EXAME LABORATORIAL;38
2025;2;URG II-POSSE;E M PRESIDENTE GETULIO DORNELLES VARGAS;EM;ULTRASSOM;1
2025;2;URG II-POSSE;E M PROF CLAUDIA MARIA SALLES MONTEIRO DA SILVA;EM;ELETROCARDIOGRAMA;1
2025;2;URG II-POSSE;E M PROF CLAUDIA MARIA SALLES MONTEIRO DA SILVA;EM;EXAME LABORATORIAL;43
2025;2;URG II-POSSE;E M PROF CLAUDIA MARIA SALLES MONTEIRO DA SILVA;EM;RAIO X;1
2025;2;URG II-POSSE;E M PROF CLAUDIA MARIA SALLES MONTEIRO DA SILVA;EM;ULTRASSOM;1
2025;2;URG II-POSSE;E M PROF THEREZINHA DA SILVA XAVIER;EM;ECOCARDIOGRAMA;1
2025;2;URG II-POSSE;E M PROF THEREZINHA DA SILVA XAVIER;EM;ELETROCARDIOGRAMA;2
2025;2;URG II-POSSE;E M PROF THEREZINHA DA SILVA XAVIER;EM;EXAME LABORATORIAL;34
2025;2;URG II-POSSE;E M PROF THEREZINHA DA SILVA XAVIER;EM;RAIO X;2
2025;2;URG II-POSSE;E M PROF THEREZINHA DA SILVA XAVIER;EM;ULTRASSOM;1
2025;2;URG II-POSSE;E M SAO BENEDITO;EM;ECOCARDIOGRAMA;2
2025;2;URG II-POSSE;E M SAO BENEDITO;EM;ELETROCARDIOGRAMA;1
2025;2;URG II-POSSE;E M SAO BENEDITO;EM;EXAME LABORATORIAL;101
2025;2;URG II-POSSE;E M SAO BENEDITO;EM;ULTRASSOM;1
2025;2;URG II-POSSE;E M TABELIÃO MURILO COSTA;EM;ECOCARDIOGRAMA;1
2025;2;URG II-POSSE;E M TABELIÃO MURILO COSTA;EM;ELETROCARDIOGRAMA;1
2025;2;URG II-POSSE;E M TABELIÃO MURILO COSTA;EM;EXAME LABORATORIAL;103
2025;2;URG II-POSSE;E M TABELIÃO MURILO COSTA;EM;ULTRASSOM;1
2025;2;URG II-POSSE;E M VEREADOR HELCIO CHAMBARELLI;EM;ELETROCARDIOGRAMA;1
2025;2;URG II-POSSE;E M VEREADOR HELCIO CHAMBARELLI;EM;EXAME LABORATORIAL;25
2025;2;URG II-POSSE;E M VIRGILIO DE MELO FRANCO;EM;ECOCARDIOGRAMA;1
2025;2;URG II-POSSE;E M VIRGILIO DE MELO FRANCO;EM;EXAME LABORATORIAL;35
2025;2;URG II-POSSE;E M VIRGILIO DE MELO FRANCO;EM;RAIO X;1
2025;2;URG II-POSSE;EMEI JOSE VIEIRA JESUS;CRECHE;EXAME LABORATORIAL;8
2025;3;URG III-COMENDADOR SOARES;CIEP BRIZOLAO 071 MAXIMIANO RIBEIRO DA SILVA;EM;ECOCARDIOGRAMA;1
2025;3;URG III-COMENDADOR SOARES;CIEP BRIZOLAO 071 MAXIMIANO RIBEIRO DA SILVA;EM;ELETROCARDIOGRAMA;2
2025;3;URG III-COMENDADOR SOARES;CIEP BRIZOLAO 071 MAXIMIANO RIBEIRO DA SILVA;EM;EXAME LABORATORIAL;46
2025;3;URG III-COMENDADOR SOARES;CIEP BRIZOLAO 071 MAXIMIANO RIBEIRO DA SILVA;EM;RAIO X;1
2025;3;URG III-COMENDADOR SOARES;CIEP BRIZOLAO 071 MAXIMIANO RIBEIRO DA SILVA;EM;ULTRASSOM;2
2025;3;URG III-COMENDADOR SOARES;CRECHE DONA JOANA CASA DO MENOR SÃO MIUGUEL ARCANJO;CONVENIADA;ECOCARDIOGRAMA;2
2025;3;URG III-COMENDADOR SOARES;CRECHE DONA JOANA CASA DO MENOR SÃO MIUGUEL ARCANJO;CONVENIADA;EXAME LABORATORIAL;11
2025;3;URG III-COMENDADOR SOARES;CRECHE DONA JOANA CASA DO MENOR SÃO MIUGUEL ARCANJO;CONVENIADA;TOMOGRAFIA;1
2025;3;URG III-COMENDADOR SOARES;CRECHE MUNICIPAL PROF MARIA IONE SALES DE OLIVEIRA;CRECHE;EXAME LABORATORIAL;25
2025;3;URG III-COMENDADOR SOARES;E M ARMANDO PIRES;EM;EXAME LABORATORIAL;41
2025;3;URG III-COMENDADOR SOARES;E M COMPACTOR;EM;ECOCARDIOGRAMA;1
2025;3;URG III-COMENDADOR SOARES;E M COMPACTOR;EM;EXAME LABORATORIAL;30
2025;3;URG III-COMENDADOR SOARES;E M COMPACTOR;EM;ULTRASSOM;1
2025;3;URG III-COMENDADOR SOARES;E M DOM ADRIANO HIPOLITO;EM;ELETROCARDIOGRAMA;1
2025;3;URG III-COMENDADOR SOARES;E M DOM ADRIANO HIPOLITO;EM;EXAME LABORATORIAL;47
2025;3;URG III-COMENDADOR SOARES;E M DOM ADRIANO HIPOLITO;EM;RAIO X;1
2025;3;URG III-COMENDADOR SOARES;E M DOM ADRIANO HIPOLITO;EM;TOMOGRAFIA;1
2025;3;URG III-COMENDADOR SOARES;E M DOM ADRIANO HIPOLITO;EM;ULTRASSOM;2
2025;3;URG III-COMENDADOR SOARES;E M IVONETE DOS SANTOS ALVES;EM;ECOCARDIOGRAMA;4
2025;3;URG III-COMENDADOR SOARES;E M IVONETE DOS SANTOS ALVES;EM;ELETROCARDIOGRAMA;1
2025;3;URG III-COMENDADOR SOARES;E M IVONETE DOS SANTOS ALVES;EM;EXAME LABORATORIAL;60
2025;3;URG III-COMENDADOR SOARES;E M IVONETE DOS SANTOS ALVES;EM;MAMOGRAFIA;1
2025;3;URG III-COMENDADOR SOARES;E M IVONETE DOS SANTOS ALVES;EM;RAIO X;1
2025;3;URG III-COMENDADOR SOARES;E M IVONETE DOS SANTOS ALVES;EM;ULTRASSOM;2
2025;3;URG III-COMENDADOR SOARES;E M JOSE RIBEIRO GUIMARAES;EM;ELETROCARDIOGRAMA;1
2025;3;URG III-COMENDADOR SOARES;E M JOSE RIBEIRO GUIMARAES;EM;EXAME LABORATORIAL;39
2025;3;URG III-COMENDADOR SOARES;E M MARINETE CAVALCANTE DE OLIVEIRA;EM;EXAME LABORATORIAL;49
2025;3;URG III-COMENDADOR SOARES;E M MARINETE CAVALCANTE DE OLIVEIRA;EM;ULTRASSOM;1
2025;3;URG III-COMENDADOR SOARES;E M NICANOR GONCALVES PEREIRA;EM;ECOCARDIOGRAMA DE CARÓTIDAS;1
2025;3;URG III-COMENDADOR SOARES;E M NICANOR GONCALVES PEREIRA;EM;EXAME LABORATORIAL;30
2025;3;URG III-COMENDADOR SOARES;E M NICANOR GONCALVES PEREIRA;EM;ULTRASSOM;1
2025;3;URG III-COMENDADOR SOARES;E M PROF IRAMAR DA COSTA LIMA MIGUEL;EM;ELETROCARDIOGRAMA;2
2025;3;URG III-COMENDADOR SOARES;E M PROF IRAMAR DA COSTA LIMA MIGUEL;EM;EXAME LABORATORIAL;68
2025;3;URG III-COMENDADOR SOARES;E M SOUZA E MELLO;EM;ELETROCARDIOGRAMA;2
2025;3;URG III-COMENDADOR SOARES;E M SOUZA E MELLO;EM;EXAME LABORATORIAL;72
2025;3;URG III-COMENDADOR SOARES;E M SOUZA E MELLO;EM;ULTRASSOM;1
2025;3;URG III-COMENDADOR SOARES;EMEI RODRIGO TWARDOWSKY ALVES;CRECHE;EXAME LABORATORIAL;25
2025;3;URG III-COMENDADOR SOARES;EMEI RODRIGO TWARDOWSKY ALVES;CRECHE;RAIO X;1
2025;4;URG IV-CABUÇU;CENTRO INTEGRADO DE DESENVOLVIMENTO INFANTIL JUNENIL CIDI;CONVENIADA;EXAME LABORATORIAL;10
2025;4;URG IV-CABUÇU;CRECHE ANTÔNIO PINHEIRO MAGALHÃES;CRECHE;EXAME LABORATORIAL;13
2025;4;URG IV-CABUÇU;E M ABILIO RIBEIRO;EM;ECOCARDIOGRAMA;1
2025;4;URG IV-CABUÇU;E M ABILIO RIBEIRO;EM;EXAME LABORATORIAL;36
2025;4;URG IV-CABUÇU;E M ABILIO RIBEIRO;EM;ULTRASSOM;4
2025;4;URG IV-CABUÇU;E M CAMPO ALEGRE;EM;EXAME LABORATORIAL;6
2025;4;URG IV-CABUÇU;E M CAMPO ALEGRE;EM;ULTRASSOM;1
2025;4;URG IV-CABUÇU;E M CHAER KAZEN KALAOUN;EM;EXAME LABORATORIAL;67
2025;4;URG IV-CABUÇU;E M CHAER KAZEN KALAOUN;EM;MAMOGRAFIA;1
2025;4;URG IV-CABUÇU;E M CHAER KAZEN KALAOUN;EM;ULTRASSOM;2
2025;4;URG IV-CABUÇU;E M DARCILIO AYRES RAUNHEITTI;EM;ECOCARDIOGRAMA;2
2025;4;URG IV-CABUÇU;E M DARCILIO AYRES RAUNHEITTI;EM;EXAME LABORATORIAL;66
2025;4;URG IV-CABUÇU;E M DARCILIO AYRES RAUNHEITTI;EM;ULTRASSOM;4
2025;4;URG IV-CABUÇU;E M DR JOSE FROES MACHADO;EM;ECOCARDIOGRAMA;1
2025;4;URG IV-CABUÇU;E M DR JOSE FROES MACHADO;EM;EXAME LABORATORIAL;48
2025;4;URG IV-CABUÇU;E M DR JOSE FROES MACHADO;EM;ULTRASSOM;1
2025;4;URG IV-CABUÇU;E M DR RUY BERCOT DE MATTOS;EM;ELETROCARDIOGRAMA;1
2025;4;URG IV-CABUÇU;E M DR RUY BERCOT DE MATTOS;EM;EXAME LABORATORIAL;55
2025;4;URG IV-CABUÇU;E M DR RUY BERCOT DE MATTOS;EM;MAMOGRAFIA;2
2025;4;URG IV-CABUÇU;E M DR RUY BERCOT DE MATTOS;EM;RAIO X;1
2025;4;URG IV-CABUÇU;E M FRANCISCO DE OLIVEIRA;EM;EXAME LABORATORIAL;44
2025;4;URG IV-CABUÇU;E M IVANI VIGNE BABO;EM;ELETROCARDIOGRAMA;1
2025;4;URG IV-CABUÇU;E M IVANI VIGNE BABO;EM;EXAME LABORATORIAL;24
2025;4;URG IV-CABUÇU;E M IVANI VIGNE BABO;EM;ULTRASSOM;1
2025;4;URG IV-CABUÇU;E M JARDIM NOVA ERA;EM;EXAME LABORATORIAL;18
2025;4;URG IV-CABUÇU;E M JARDIM NOVA ERA;EM;ULTRASSOM;1
2025;4;URG IV-CABUÇU;E M PROF DULCE DE MOURA RAUNHEITTI RIBEIRO;EM;ECOCARDIOGRAMA;1
2025;4;URG IV-CABUÇU;E M PROF DULCE DE MOURA RAUNHEITTI RIBEIRO;EM;EXAME LABORATORIAL;22
2025;4;URG IV-CABUÇU;E M PROF EDNA UMBELINA DE SANT ANNA DA SILVA;EM;ELETROCARDIOGRAMA;1
2025;4;URG IV-CABUÇU;E M PROF EDNA UMBELINA DE SANT ANNA DA SILVA;EM;EXAME LABORATORIAL;52
2025;4;URG IV-CABUÇU;E M PROF EDNA UMBELINA DE SANT ANNA DA SILVA;EM;ULTRASSOM;1
2025;4;URG IV-CABUÇU;E M PROF ELIANA DE SOUZA PAPALEO MOURA ;EM;EXAME LABORATORIAL;17
2025;4;URG IV-CABUÇU;E M PROF ELIANA DE SOUZA PAPALEO MOURA ;EM;ULTRASSOM;2
2025;4;URG IV-CABUÇU;E M PROF JOAQUIM DE FREITAS;EM;ELETROCARDIOGRAMA;1
2025;4;URG IV-CABUÇU;E M PROF JOAQUIM DE FREITAS;EM;EXAME LABORATORIAL;12
2025;4;URG IV-CABUÇU;E M PROF LEOPOLDINA MACHADO BARBOSA DE BARROS;EM;ELETROCARDIOGRAMA;2
2025;4;URG IV-CABUÇU;E M PROF LEOPOLDINA MACHADO BARBOSA DE BARROS;EM;EXAME LABORATORIAL;21
2025;4;URG IV-CABUÇU;E M PROF LEOPOLDINA MACHADO BARBOSA DE BARROS;EM;ULTRASSOM;1
2025;4;URG IV-CABUÇU;E M PROF MARIA CANDIDA SOBREIRA VIANNA;EM;EXAME LABORATORIAL;64
2025;4;URG IV-CABUÇU;E M PROF MARIA CANDIDA SOBREIRA VIANNA;EM;MAMOGRAFIA;1
2025;4;URG IV-CABUÇU;E M PROF MARIA CANDIDA SOBREIRA VIANNA;EM;ULTRASSOM;3
2025;4;URG IV-CABUÇU;E M PROF NABOR OTHUKI;EM;ECOCARDIOGRAMA;1
2025;4;URG IV-CABUÇU;E M PROF NABOR OTHUKI;EM;ELETROCARDIOGRAMA;1
2025;4;URG IV-CABUÇU;E M PROF NABOR OTHUKI;EM;EXAME LABORATORIAL;33
2025;4;URG IV-CABUÇU;E M PROF NABOR OTHUKI;EM;ULTRASSOM;3
2025;4;URG IV-CABUÇU;E M PROF NEWTON GONCALVES DE BARROS;EM;EXAME LABORATORIAL;84
2025;4;URG IV-CABUÇU;E M PROF NEWTON GONCALVES DE BARROS;EM;RAIO X;1
2025;4;URG IV-CABUÇU;E M PROF NEWTON GONCALVES DE BARROS;EM;ULTRASSOM;4
2025;4;URG IV-CABUÇU;E M TRES MARIAS;EM;EXAME LABORATORIAL;81
2025;4;URG IV-CABUÇU;E M VISCONDE DE ITABORAI;EM;EXAME LABORATORIAL;17
2025;4;URG IV-CABUÇU;EM PROF ELIANA MARTINS MAIA;EM;ELETROCARDIOGRAMA;1
2025;4;URG IV-CABUÇU;EM PROF ELIANA MARTINS MAIA;EM;EXAME LABORATORIAL;29
2025;4;URG IV-CABUÇU;EM PROF ELIANA MARTINS MAIA;EM;MAMOGRAFIA;1
2025;4;URG IV-CABUÇU;EM PROF ELIANA MARTINS MAIA;EM;ULTRASSOM;2
2025;4;URG IV-CABUÇU;EMEI LEILA MARIA CÔRTES SAMPAIO;CRECHE;EXAME LABORATORIAL;8
2025;4;URG IV-CABUÇU;EMEI MONTE SOL;CRECHE;EXAME LABORATORIAL;17
2025;4;URG IV-CABUÇU;EMEI NOVA ERA;CRECHE;EXAME LABORATORIAL;10
2025;4;URG IV-CABUÇU;GRUPO AÇÃO COMUNITÁRIO CORAÇÃO DE MÃE;CONVENIADA;EXAME LABORATORIAL;7
2025;4;URG IV-CABUÇU;GRUPO AÇÃO COMUNITÁRIO CORAÇÃO DE MÃE;CONVENIADA;ULTRASSOM;2
2025;4;URG IV-CABUÇU;SOCIEDADE BENEFICIENTE DE CAMPO ALEGRE SOBEM  ;CONVENIADA;EXAME LABORATORIAL;8
2025;5;URG V-KM 32;CIEP BRIZOLAO 033 ALFREDO DA ROCHA VIANA FILHO;EM;EXAME LABORATORIAL;37
2025;5;URG V-KM 32;CIEP BRIZOLAO 033 ALFREDO DA ROCHA VIANA FILHO;EM;ULTRASSOM;1
2025;5;URG V-KM 32;CIEP BRIZOLAO 187 BENEDITO LARANJEIRAS;EM;EXAME LABORATORIAL;17
2025;5;URG V-KM 32;CIEP BRIZOLAO 187 BENEDITO LARANJEIRAS;EM;ULTRASSOM;1
2025;5;URG V-KM 32;CIEP BRIZOLAO 325 AUSTREGESILO DE ATHAYDE;EM;ECOCARDIOGRAMA;1
2025;5;URG V-KM 32;CIEP BRIZOLAO 325 AUSTREGESILO DE ATHAYDE;EM;ELETROCARDIOGRAMA;1
2025;5;URG V-KM 32;CIEP BRIZOLAO 325 AUSTREGESILO DE ATHAYDE;EM;EXAME LABORATORIAL;24
2025;5;URG V-KM 32;CIEP BRIZOLAO 325 AUSTREGESILO DE ATHAYDE;EM;ULTRASSOM;3
2025;5;URG V-KM 32;CIEP BRIZOLAO 360 PROF IARA SIMÃO VIEIRA;EM;ECOCARDIOGRAMA;1
2025;5;URG V-KM 32;CIEP BRIZOLAO 360 PROF IARA SIMÃO VIEIRA;EM;ELETROCARDIOGRAMA;1
2025;5;URG V-KM 32;CIEP BRIZOLAO 360 PROF IARA SIMÃO VIEIRA;EM;EXAME LABORATORIAL;64
2025;5;URG V-KM 32;CIEP BRIZOLAO 360 PROF IARA SIMÃO VIEIRA;EM;ULTRASSOM;1
2025;5;URG V-KM 32;CIEP BRIZOLAO 373 BRIGADEIRO TEIXEIRA;EM;ELETROCARDIOGRAMA;1
2025;5;URG V-KM 32;CIEP BRIZOLAO 373 BRIGADEIRO TEIXEIRA;EM;EXAME LABORATORIAL;45
2025;5;URG V-KM 32;CIEP BRIZOLAO 373 BRIGADEIRO TEIXEIRA;EM;MAMOGRAFIA;1
2025;5;URG V-KM 32;E M ALFREDO JOSE SOARES;EM;EXAME LABORATORIAL;74
2025;5;URG V-KM 32;E M ALFREDO JOSE SOARES;EM;MAMOGRAFIA;2
2025;5;URG V-KM 32;E M ALFREDO JOSE SOARES;EM;RAIO X;1
2025;5;URG V-KM 32;E M ALFREDO JOSE SOARES;EM;ULTRASSOM;1
2025;5;URG V-KM 32;E M ALFREDO PEREIRA DE MAGALHAES;EM;EXAME LABORATORIAL;28
2025;5;URG V-KM 32;E M ALFREDO PEREIRA DE MAGALHAES;EM;TOMOGRAFIA;1
2025;5;URG V-KM 32;E M ALFREDO PEREIRA DE MAGALHAES;EM;ULTRASSOM;2
2025;5;URG V-KM 32;E M ERYK DA CRUZ LAIA;EM;ELETROCARDIOGRAMA;1
2025;5;URG V-KM 32;E M ERYK DA CRUZ LAIA;EM;EXAME LABORATORIAL;22
2025;5;URG V-KM 32;E M ERYK DA CRUZ LAIA;EM;RAIO X;1
2025;5;URG V-KM 32;E M JOSE REIS;EM;EXAME LABORATORIAL;43
2025;5;URG V-KM 32;E M JOSE REIS;EM;ULTRASSOM;4
2025;5;URG V-KM 32;E M PERA FLOR;EM;EXAME LABORATORIAL;74
2025;5;URG V-KM 32;E M PERA FLOR;EM;MAMOGRAFIA;1
2025;5;URG V-KM 32;E M PERA FLOR;EM;RAIO X;1
2025;5;URG V-KM 32;E M PERA FLOR;EM;ULTRASSOM;2
2025;5;URG V-KM 32;E M PROF AIMEE CARREIRO FIGUEIREDO;EM;EXAME LABORATORIAL;38
2025;5;URG V-KM 32;E M PROF CREUZA ALARCAO SOBRAL;EM;EXAME LABORATORIAL;61
2025;5;URG V-KM 32;E M PROF CREUZA ALARCAO SOBRAL;EM;ULTRASSOM;1
2025;5;URG V-KM 32;E M PROF LEONARDO CARIELO DE ALMEIDA;EM;ECOCARDIOGRAMA;1
2025;5;URG V-KM 32;E M PROF LEONARDO CARIELO DE ALMEIDA;EM;ELETROCARDIOGRAMA;3
2025;5;URG V-KM 32;E M PROF LEONARDO CARIELO DE ALMEIDA;EM;EXAME LABORATORIAL;69
2025;5;URG V-KM 32;E M PROF MARLY TUPACINUNGA DE MATTOS;EM;EXAME LABORATORIAL;29
2025;5;URG V-KM 32;E M PROF MARLY TUPACINUNGA DE MATTOS;EM;RAIO X;1
2025;5;URG V-KM 32;E M PROF PRISCILLA BOUCAS VILLA NOVA;EM;ECOCARDIOGRAMA;1
2025;5;URG V-KM 32;E M PROF PRISCILLA BOUCAS VILLA NOVA;EM;EXAME LABORATORIAL;39
2025;5;URG V-KM 32;E M SHANGRI LA;EM;EXAME LABORATORIAL;10
2025;5;URG V-KM 32;E M VILA JOAO CORREA;EM;EXAME LABORATORIAL;49
2025;5;URG V-KM 32;E M VILA JOAO CORREA;EM;RAIO X;1
2025;5;URG V-KM 32;E M VILA JOAO CORREA;EM;ULTRASSOM;1
2025;5;URG V-KM 32;EMEI JARDIM EUROPA;CRECHE;EXAME LABORATORIAL;4
2025;5;URG V-KM 32;EMEI NISIA SOUZA MARCONDES;CRECHE;ECOCARDIOGRAMA;1
2025;5;URG V-KM 32;EMEI NISIA SOUZA MARCONDES;CRECHE;EXAME LABORATORIAL;27
2025;5;URG V-KM 32;EMEI NISIA SOUZA MARCONDES;CRECHE;RESSONÂNCIA;1
2025;5;URG V-KM 32;EMEI NISIA SOUZA MARCONDES;CRECHE;TOMOGRAFIA;1
2025;5;URG V-KM 32;EMEI NISIA SOUZA MARCONDES;CRECHE;ULTRASSOM;1
2025;5;URG V-KM 32;EMEI PATRICIA M GASPAR SOMMA PEREIRA;CRECHE;EXAME LABORATORIAL;5
2025;6;URG VI-AUSTIN;CRECHE MUNICIPAL PROF.CARLOS ALBERTO HORTA AVELINO;CRECHE;EXAME LABORATORIAL;7
2025;6;URG VI-AUSTIN;CRECHE MUNICIPAL PROF.CARLOS ALBERTO HORTA AVELINO;CRECHE;ULTRASSOM;1
2025;6;URG VI-AUSTIN;E M ALTHAIR PIMENTA DE MORAES;EM;EXAME LABORATORIAL;83
2025;6;URG VI-AUSTIN;E M DR JOSE BRIGAGAO FERREIRA;EM;ECOCARDIOGRAMA;1
2025;6;URG VI-AUSTIN;E M DR JOSE BRIGAGAO FERREIRA;EM;EXAME LABORATORIAL;32
2025;6;URG VI-AUSTIN;E M DR JOSE BRIGAGAO FERREIRA;EM;RAIO X;1
2025;6;URG VI-AUSTIN;E M DR JOSE BRIGAGAO FERREIRA;EM;ULTRASSOM;1
2025;6;URG VI-AUSTIN;E M DR ODIR ARAUJO;EM;EXAME LABORATORIAL;35
2025;6;URG VI-AUSTIN;E M GOVERNADOR LEONEL DE MOURA BRIZOLA;EM;ECOCARDIOGRAMA;1
2025;6;URG VI-AUSTIN;E M GOVERNADOR LEONEL DE MOURA BRIZOLA;EM;EXAME LABORATORIAL;53
2025;6;URG VI-AUSTIN;E M GOVERNADOR LEONEL DE MOURA BRIZOLA;EM;RAIO X;1
2025;6;URG VI-AUSTIN;E M GOVERNADOR LEONEL DE MOURA BRIZOLA;EM;ULTRASSOM;1
2025;6;URG VI-AUSTIN;E M JOSE DE ANCHIETA;EM;ECOCARDIOGRAMA;1
2025;6;URG VI-AUSTIN;E M JOSE DE ANCHIETA;EM;ELETROCARDIOGRAMA;1
2025;6;URG VI-AUSTIN;E M JOSE DE ANCHIETA;EM;EXAME LABORATORIAL;31
2025;6;URG VI-AUSTIN;E M JOSE DE ANCHIETA;EM;RAIO X;1
2025;6;URG VI-AUSTIN;E M JOSE LUIZ DA SILVA;EM;ECOCARDIOGRAMA;2
2025;6;URG VI-AUSTIN;E M JOSE LUIZ DA SILVA;EM;EXAME LABORATORIAL;71
2025;6;URG VI-AUSTIN;E M JOSE LUIZ DA SILVA;EM;ULTRASSOM;2
2025;6;URG VI-AUSTIN;E M KERMA MOREIRA FRANCO;EM;EXAME LABORATORIAL;24
2025;6;URG VI-AUSTIN;E M KERMA MOREIRA FRANCO;EM;ULTRASSOM;1
2025;6;URG VI-AUSTIN;E M NENA RODRIGUES;EM;EXAME LABORATORIAL;37
2025;6;URG VI-AUSTIN;E M NENA RODRIGUES;EM;RAIO X;1
2025;6;URG VI-AUSTIN;E M NENA RODRIGUES;EM;ULTRASSOM;1
2025;6;URG VI-AUSTIN;E M PROF ENILZA BARROS DOS SANTOS CHICONELLI;EM;ECOCARDIOGRAMA;1
2025;6;URG VI-AUSTIN;E M PROF ENILZA BARROS DOS SANTOS CHICONELLI;EM;ELETROCARDIOGRAMA;3
2025;6;URG VI-AUSTIN;E M PROF ENILZA BARROS DOS SANTOS CHICONELLI;EM;ENDOSCOPIA;1
2025;6;URG VI-AUSTIN;E M PROF ENILZA BARROS DOS SANTOS CHICONELLI;EM;EXAME LABORATORIAL;102
2025;6;URG VI-AUSTIN;E M PROF ENILZA BARROS DOS SANTOS CHICONELLI;EM;RESSONÂNCIA;1
2025;6;URG VI-AUSTIN;E M PROF ENILZA BARROS DOS SANTOS CHICONELLI;EM;ULTRASSOM;2
2025;6;URG VI-AUSTIN;E M PROF FRANKLIN BOLIVAR FERNANDES;EM;EXAME LABORATORIAL;34
2025;6;URG VI-AUSTIN;E M PROF FRANKLIN BOLIVAR FERNANDES;EM;ULTRASSOM;2
2025;6;URG VI-AUSTIN;E M PROF MARCIO CAULINO SOARES;EM;ECOCARDIOGRAMA;1
2025;6;URG VI-AUSTIN;E M PROF MARCIO CAULINO SOARES;EM;EXAME LABORATORIAL;70
2025;6;URG VI-AUSTIN;E M PROF MARCIO CAULINO SOARES;EM;ULTRASSOM;1
2025;6;URG VI-AUSTIN;E M RUI BARBOSA;EM;EXAME LABORATORIAL;51
2025;6;URG VI-AUSTIN;E M WALFREDO DA SILVA LESSA;EM;EXAME LABORATORIAL;50
2025;6;URG VI-AUSTIN;EMEI OLGA CELESTINA GILIBERTI ALMEIDA;CRECHE;ECOCARDIOGRAMA;1
2025;6;URG VI-AUSTIN;EMEI OLGA CELESTINA GILIBERTI ALMEIDA;CRECHE;EXAME LABORATORIAL;27
2025;6;URG VI-AUSTIN;EMEI OLGA CELESTINA GILIBERTI ALMEIDA;CRECHE;MAMOGRAFIA;1
2025;6;URG VI-AUSTIN;EMEI OLGA CELESTINA GILIBERTI ALMEIDA;CRECHE;ULTRASSOM;3
2025;6;URG VI-AUSTIN;EMEI VILA SAO MIGUEL;CRECHE;EXAME LABORATORIAL;16
2025;6;URG VI-AUSTIN;EMEI VILA SAO MIGUEL;CRECHE;ULTRASSOM;1
2025;7;URG VII-VILA DE CAVA;CENTRO COMUNITÁRIO SÃO SEBASTIÃO DE VILA DE CAVA CECOM;CONVENIADA;EXAME LABORATORIAL;6
2025;7;URG VII-VILA DE CAVA;CENTRO COMUNITÁRIO SÃO SEBASTIÃO DE VILA DE CAVA CECOM FÉ E ESPERANÇA;CONVENIADA;EXAME LABORATORIAL;4
2025;7;URG VII-VILA DE CAVA;CRECHE MUNICIPAL PROF. LUCIANA COSTA MARTINS;CRECHE;EXAME LABORATORIAL;7
2025;7;URG VII-VILA DE CAVA;CRECHE MUNICIPAL PROF. LUCIANA COSTA MARTINS;CRECHE;ULTRASSOM;1
2025;7;URG VII-VILA DE CAVA;E M ADRIANOPOLIS;EM;EXAME LABORATORIAL;1
2025;7;URG VII-VILA DE CAVA;E M AMERICA XAVIER DA SILVEIRA;EM;EXAME LABORATORIAL;40
2025;7;URG VII-VILA DE CAVA;E M AMERICA XAVIER DA SILVEIRA;EM;ULTRASSOM;1
2025;7;URG VII-VILA DE CAVA;E M AMINTHAS PEREIRA;EM;ECOCARDIOGRAMA;1
2025;7;URG VII-VILA DE CAVA;E M AMINTHAS PEREIRA;EM;ENDOSCOPIA;1
2025;7;URG VII-VILA DE CAVA;E M AMINTHAS PEREIRA;EM;EXAME LABORATORIAL;43
2025;7;URG VII-VILA DE CAVA;E M AMINTHAS PEREIRA;EM;ULTRASSOM;1
2025;7;URG VII-VILA DE CAVA;E M BARAO DO GUANDU;EM;EXAME LABORATORIAL;14
2025;7;URG VII-VILA DE CAVA;E M BARAO DO GUANDU;EM;RAIO X;1
2025;7;URG VII-VILA DE CAVA;E M DR JUVENIL DE SOUZA LOPES;EM;EXAME LABORATORIAL;8
2025;7;URG VII-VILA DE CAVA;E M JOSÉ PACIFICO;EM;ECOCARDIOGRAMA;2
2025;7;URG VII-VILA DE CAVA;E M JOSÉ PACIFICO;EM;ENDOSCOPIA;1
2025;7;URG VII-VILA DE CAVA;E M JOSÉ PACIFICO;EM;EXAME LABORATORIAL;67
2025;7;URG VII-VILA DE CAVA;E M JOSÉ PACIFICO;EM;RESSONÂNCIA;1
2025;7;URG VII-VILA DE CAVA;E M JOSÉ PACIFICO;EM;ULTRASSOM;2
2025;7;URG VII-VILA DE CAVA;E M MARCILIO DIAS;EM;ELETROCARDIOGRAMA;1
2025;7;URG VII-VILA DE CAVA;E M MARCILIO DIAS;EM;EXAME LABORATORIAL;61
2025;7;URG VII-VILA DE CAVA;E M MARCILIO DIAS;EM;RAIO X;1
2025;7;URG VII-VILA DE CAVA;E M MARCILIO DIAS;EM;ULTRASSOM;2
2025;7;URG VII-VILA DE CAVA;E M ORESTES BERNARDO CABRAL;EM;ELETROCARDIOGRAMA;3
2025;7;URG VII-VILA DE CAVA;E M ORESTES BERNARDO CABRAL;EM;EXAME LABORATORIAL;71
2025;7;URG VII-VILA DE CAVA;E M ORESTES BERNARDO CABRAL;EM;RAIO X;1
2025;7;URG VII-VILA DE CAVA;E M ORESTES BERNARDO CABRAL;EM;ULTRASSOM;1
2025;7;URG VII-VILA DE CAVA;E M PROF IRENE DA SILVA OLIVEIRA;EM;ELETROCARDIOGRAMA;1
2025;7;URG VII-VILA DE CAVA;E M PROF IRENE DA SILVA OLIVEIRA;EM;EXAME LABORATORIAL;33
2025;7;URG VII-VILA DE CAVA;E M PROF IRENE DA SILVA OLIVEIRA;EM;ULTRASSOM;1
2025;7;URG VII-VILA DE CAVA;E M PROF LUCIA HELENA DE LIMA;EM;ECOCARDIOGRAMA;1
2025;7;URG VII-VILA DE CAVA;E M PROF LUCIA HELENA DE LIMA;EM;ELETROCARDIOGRAMA;1
2025;7;URG VII-VILA DE CAVA;E M PROF LUCIA HELENA DE LIMA;EM;EXAME LABORATORIAL;41
2025;7;URG VII-VILA DE CAVA;E M PROF LUCIA HELENA DE LIMA;EM;ULTRASSOM;1
2025;7;URG VII-VILA DE CAVA;EMEI GLAUCO JOSE VAZ GONCALVES;CRECHE;ECOCARDIOGRAMA;1
2025;7;URG VII-VILA DE CAVA;EMEI GLAUCO JOSE VAZ GONCALVES;CRECHE;EXAME LABORATORIAL;14
2025;8;URG VIII-MIGUEL COUTO;E M ANTONIO PINHEIRO GUIMARAES VICTORY;EM;EXAME LABORATORIAL;26
2025;8;URG VIII-MIGUEL COUTO;E M ANTONIO PINHEIRO GUIMARAES VICTORY;EM;ULTRASSOM;2
2025;8;URG VIII-MIGUEL COUTO;E M AYRTON SENNA;EM;EXAME LABORATORIAL;52
2025;8;URG VIII-MIGUEL COUTO;E M FLOR DE LIS;EM;EXAME LABORATORIAL;63
2025;8;URG VIII-MIGUEL COUTO;E M FLOR DE LIS;EM;MAMOGRAFIA;1
2025;8;URG VIII-MIGUEL COUTO;E M FLOR DE LIS;EM;ULTRASSOM;4
2025;8;URG VIII-MIGUEL COUTO;E M JANIR CLEMENTINO PEREIRA;EM;EXAME LABORATORIAL;46
2025;8;URG VIII-MIGUEL COUTO;E M JANIR CLEMENTINO PEREIRA;EM;ULTRASSOM;1
2025;8;URG VIII-MIGUEL COUTO;E M PAULO ROBERTO FIORENZANO ARAUJO;EM;ECOCARDIOGRAMA;1
2025;8;URG VIII-MIGUEL COUTO;E M PAULO ROBERTO FIORENZANO ARAUJO;EM;ELETROCARDIOGRAMA;1
2025;8;URG VIII-MIGUEL COUTO;E M PAULO ROBERTO FIORENZANO ARAUJO;EM;EXAME LABORATORIAL;19
2025;8;URG VIII-MIGUEL COUTO;E M PAULO ROBERTO FIORENZANO ARAUJO;EM;MAMOGRAFIA;1
2025;8;URG VIII-MIGUEL COUTO;E M PAULO ROBERTO FIORENZANO ARAUJO;EM;RAIO X;1
2025;8;URG VIII-MIGUEL COUTO;E M PAULO ROBERTO FIORENZANO ARAUJO;EM;ULTRASSOM;1
2025;8;URG VIII-MIGUEL COUTO;E M PROF ANNA MARIA RAMALHO;EM;ECOCARDIOGRAMA;1
2025;8;URG VIII-MIGUEL COUTO;E M PROF ANNA MARIA RAMALHO;EM;EXAME LABORATORIAL;77
2025;8;URG VIII-MIGUEL COUTO;E M PROF ANNA MARIA RAMALHO;EM;MAMOGRAFIA;1
2025;8;URG VIII-MIGUEL COUTO;E M PROF ANNA MARIA RAMALHO;EM;RESSONÂNCIA;1
2025;8;URG VIII-MIGUEL COUTO;E M PROF ANNA MARIA RAMALHO;EM;ULTRASSOM;1
2025;8;URG VIII-MIGUEL COUTO;E M PROF DARCY RIBEIRO;EM;ECOCARDIOGRAMA;2
2025;8;URG VIII-MIGUEL COUTO;E M PROF DARCY RIBEIRO;EM;EXAME LABORATORIAL;25
2025;8;URG VIII-MIGUEL COUTO;E M PROF DARCY RIBEIRO;EM;MAMOGRAFIA;1
2025;8;URG VIII-MIGUEL COUTO;E M PROF HAULER DA SILVA FERREIRA;EM;ELETROCARDIOGRAMA;3
2025;8;URG VIII-MIGUEL COUTO;E M PROF HAULER DA SILVA FERREIRA;EM;ENDOSCOPIA;1
2025;8;URG VIII-MIGUEL COUTO;E M PROF HAULER DA SILVA FERREIRA;EM;EXAME LABORATORIAL;61
2025;8;URG VIII-MIGUEL COUTO;E M PROF HAULER DA SILVA FERREIRA;EM;ULTRASSOM;3
2025;8;URG VIII-MIGUEL COUTO;E M PROF RUY AFRANIO PEIXOTO;EM;EXAME LABORATORIAL;24
2025;8;URG VIII-MIGUEL COUTO;E M PROF RUY AFRANIO PEIXOTO;EM;ULTRASSOM;1
2025;8;URG VIII-MIGUEL COUTO;E M SAO MIGUEL ARCANJO;EM;ECOCARDIOGRAMA;1
2025;8;URG VIII-MIGUEL COUTO;E M SAO MIGUEL ARCANJO;EM;EXAME LABORATORIAL;26
2025;8;URG VIII-MIGUEL COUTO;E M SAO MIGUEL ARCANJO;EM;ULTRASSOM;1
2025;8;URG VIII-MIGUEL COUTO;EMEI AMBAI;CRECHE;EXAME LABORATORIAL;15
2025;8;URG VIII-MIGUEL COUTO;EMEI CASA DA CRIANCA DE MIGUEL COUTO;CRECHE;EXAME LABORATORIAL;22
2025;8;URG VIII-MIGUEL COUTO;EMEI CASA DA CRIANCA DE MIGUEL COUTO;CRECHE;ULTRASSOM;1
2025;9;URG IX-TINGUA;E M BARAO DE TINGUA;EM;ELETROCARDIOGRAMA;1
2025;9;URG IX-TINGUA;E M BARAO DE TINGUA;EM;EXAME LABORATORIAL;12
2025;9;URG IX-TINGUA;E M DE JACERUBA;EM;EXAME LABORATORIAL;3
2025;9;URG IX-TINGUA;E M JARDIM MONTEVIDEO;EM;EXAME LABORATORIAL;15
2025;9;URG IX-TINGUA;E M JARDIM MONTEVIDEO;EM;ULTRASSOM;2
2025;9;URG IX-TINGUA;E M PROF LUCIA VIANA CAPELLI;EM;EXAME LABORATORIAL;22
2025;9;URG IX-TINGUA;E M PROF THEREZINHA DE JESUS ARAUJO HERMIDA;EM;ECOCARDIOGRAMA;1
2025;9;URG IX-TINGUA;E M PROF THEREZINHA DE JESUS ARAUJO HERMIDA;EM;ELETROCARDIOGRAMA;1
2025;9;URG IX-TINGUA;E M PROF THEREZINHA DE JESUS ARAUJO HERMIDA;EM;EXAME LABORATORIAL;39
2025;9;URG IX-TINGUA;E M PROF THEREZINHA DE JESUS ARAUJO HERMIDA;EM;RAIO X;1
2025;9;URG IX-TINGUA;E M PROF THEREZINHA DE JESUS ARAUJO HERMIDA;EM;ULTRASSOM;1
2025;9;URG IX-TINGUA;E M VALE DO TINGUA;EM;ECOCARDIOGRAMA DE CARÓTIDAS;1
2025;9;URG IX-TINGUA;E M VALE DO TINGUA;EM;EXAME LABORATORIAL;19
2025;9;URG IX-TINGUA;EMEI TERRA DE MARAMBAIA;CRECHE;ECOCARDIOGRAMA DE CARÓTIDAS;1
2025;9;URG IX-TINGUA;EMEI TERRA DE MARAMBAIA;CRECHE;EXAME LABORATORIAL;28
